"Id","FNC1","FNC3","FNC7","FNC8","FNC10","FNC11","FNC18","FNC32","FNC33","FNC38","FNC42","FNC50","FNC51","FNC54","FNC56","FNC58","FNC59","FNC60","FNC63","FNC65","FNC67","FNC68","FNC71","FNC73","FNC78","FNC81","FNC84","FNC86","FNC88","FNC89","FNC91","FNC92","FNC95","FNC106","FNC107","FNC108","FNC112","FNC114","FNC128","FNC130","FNC135","FNC136","FNC137","FNC138","FNC139","FNC145","FNC148","FNC155","FNC157","FNC158","FNC161","FNC165","FNC166","FNC167","FNC175","FNC179","FNC182","FNC184","FNC187","FNC189","FNC192","FNC193","FNC194","FNC202","FNC205","FNC207","FNC208","FNC214","FNC217","FNC224","FNC231","FNC232","FNC233","FNC234","FNC238","FNC257","FNC261","FNC270","FNC272","FNC274","FNC277","FNC280","FNC287","FNC289","FNC290","FNC295","FNC298","FNC301","FNC304","FNC307","FNC310","FNC313","FNC317","FNC322","FNC325","FNC330","FNC331","FNC333","FNC336","FNC338","FNC340","FNC342","FNC347","FNC353","FNC366","FNC368","FNC374","SBM_map26","SBM_map40","SBM_map64","SBM_map69","SBM_map73"
120873,0.34312,-0.13112,0.069545,-0.052489,0.47762,0.16525,-0.036653,0.57461,0.21516,0.054857,-0.2755,0.35314,-0.13773,-0.22868,-0.23445,0.020722,-0.068762,-0.21617,-0.21897,-0.40016,-0.19807,-0.37906,-0.50946,0.1015,-0.43355,-0.16441,0.1878,0.20537,-0.028747,0.42068,0.030801,0.061283,0.045847,0.2229,0.12385,-0.029744,0.09547,-0.17648,-0.075781,0.19082,-0.21467,-0.29541,0.33493,-0.070368,0.23369,-0.1377,0.36649,-0.42428,-0.45876,-0.24175,-0.19039,0.11937,0.097888,0.22045,0.025007,0.11984,0.20327,-0.047638,0.32544,0.63662,0.30591,0.22281,0.36049,-0.016668,-0.078186,0.25309,0.59557,0.35192,0.33316,0.38344,0.20218,0.39079,0.078199,0.22887,-0.0021678,0.013302,0.048862,0.098946,0.33195,-0.062953,-0.031816,0.0089194,-0.2452,0.46593,0.42263,-0.082779,-0.21888,0.72687,0.51318,-0.33429,-0.45701,0.55796,0.059832,-0.12545,0.62409,-0.054448,-0.3605,0.26397,0.36713,-0.010244,0.10551,0.43207,0.086159,-0.23049,0.3183,-0.060204,0.34323,-0.179554891820021,0.866064770079709,1.0703631562733,0.776854690820275,1.0835159906041
135376,0.2879,-0.32343,-0.08404,0.038793,0.10169,-0.37634,0.10091,0.19346,0.70298,0.5124,0.19142,0.18153,-0.52077,0.5592,0.51111,0.54449,0.4045,0.29245,0.21547,0.3666,0.099639,0.16781,-0.060866,0.13354,0.20686,0.23248,0.48157,0.72841,0.26052,0.49121,0.43203,0.33091,-0.027191,0.36796,0.42769,0.37345,0.54699,0.4102,0.35083,0.31813,0.091773,0.25,0.17502,-0.1056,0.064784,-0.35736,0.24185,-0.026227,0.20559,0.506,0.31656,0.39938,0.10769,0.18633,0.43201,-0.16068,0.80864,0.53573,-0.078834,0.63934,0.55121,0.63019,0.4377,-0.0065058,-0.44158,0.10115,0.59454,0.26,-0.15671,-0.1657,0.035368,-0.13114,-0.40117,-0.25135,0.21531,0.24015,-0.064519,-0.12755,-0.34756,-0.060623,-0.23094,0.066638,-0.35829,0.20381,0.2003,0.091096,-0.46974,0.39023,0.17528,0.16201,-0.24661,0.62884,0.24157,0.47482,0.54448,0.53622,0.18503,0.44444,-0.18318,0.32862,0.27306,0.56157,0.73134,-0.31699,0.21511,0.3693,0.63005,0.742952144856929,1.15492412216351,0.371700785576966,-0.457550455919982,0.163436355876607
139149,0.24585,-0.12468,-0.13302,-0.035222,-0.045302,-0.027871,0.12281,0.31407,0.51565,0.01874,0.026982,0.24966,-0.10015,0.16783,0.19286,0.19973,-0.12952,0.13336,0.14778,-0.45472,-0.47133,-0.20588,-0.0079204,-0.1989,-0.29473,0.68712,-0.044826,0.38818,0.3895,0.26564,0.3094,0.48965,-0.15332,-0.37748,-0.22952,0.27484,0.36249,0.31529,-0.23187,0.092196,0.10849,0.10568,0.48094,-0.17938,0.1382,-0.3378,0.70103,0.12212,0.088163,0.47643,-0.026141,0.49823,-0.48298,0.15689,0.35752,0.034154,0.32985,0.31862,0.0042136,0.45943,0.62661,0.20664,0.40192,0.17127,0.21947,-0.10645,0.20288,-0.0050388,-0.22802,0.12935,0.44081,0.37022,-0.10328,0.28023,0.048496,0.14437,0.00015805,-0.7148,-0.23627,0.42513,0.34197,0.11008,0.41692,0.61236,0.47997,0.58768,-0.39571,0.57661,0.4725,0.26412,-0.2,0.61023,0.2696,0.3443,0.61241,0.63978,-0.25926,0.48058,-0.059119,0.086045,0.32105,-0.25855,0.72964,-0.17144,-0.15872,0.52133,0.33244,2.03408282012719,0.498361517731076,1.22075552461089,-0.435494132435865,-0.448561695659149
146791,0.4209,0.24453,0.28029,0.28962,0.28634,0.04855,0.15308,0.38055,0.64302,0.57415,0.091637,0.35359,0.59704,0.73811,0.57523,0.44692,0.26196,0.53502,0.26584,0.19882,-0.12732,0.0036315,0.45172,0.31826,0.13414,0.59299,0.61022,0.68903,0.41188,0.23713,-0.081933,0.14695,0.63309,0.12368,0.47944,0.48436,0.0016003,-0.086315,0.42469,0.10318,-0.06156,-0.14919,0.012341,0.19491,0.40322,0.47003,0.29575,0.25518,-0.23742,-0.011988,0.15214,0.15174,0.69036,0.68696,0.6101,-0.054951,0.789,0.55842,0.060892,0.68031,0.32887,0.53049,0.81775,0.27371,0.16586,0.49875,0.43269,-0.10976,0.44906,0.47945,0.23099,0.3901,-0.29025,0.13737,-0.11281,0.45747,0.4499,0.1979,-0.0063019,0.52897,0.36957,0.68015,0.3524,0.11616,0.21509,0.27891,0.19343,0.35347,0.21429,0.2138,-0.048689,0.47866,0.12181,-0.29075,0.32551,0.1845,-0.068786,0.27449,0.11974,0.44839,0.50273,-0.075026,0.6091,0.27329,0.49211,0.14446,0.093171,0.0648527907796997,-0.732960259271825,-0.450725886404264,-1.11582120772836,-0.705539353385501
153870,-0.14621,-0.5288,-0.015192,0.36017,0.024801,-0.031034,0.19112,0.28307,0.25707,-0.23419,-0.28653,0.20471,-0.12838,0.64999,0.66408,0.17135,-0.067335,0.33781,-0.4315,-0.11545,-0.58631,-0.41691,-0.15505,-0.086519,0.60275,-0.0071997,0.35839,0.18955,-0.33072,-0.11463,-0.69712,-0.51566,-0.61492,-0.40058,0.38627,0.16407,-0.06693,-0.69353,-0.2863,0.29317,0.19911,-0.82258,-0.64737,-0.36465,0.0060742,-0.81754,0.092944,0.067589,-0.241,-0.10129,0.31636,0.015609,0.0068476,0.09128,-0.0062465,0.29319,0.20859,0.14052,0.33257,0.42876,0.59814,0.63884,0.31964,0.4573,0.31243,-0.34594,0.49156,-0.2956,0.0036673,-0.022695,-0.23391,-0.42166,-0.15882,-0.2015,-0.087634,0.18608,-0.34405,-0.79587,-0.38961,0.1844,-0.15478,0.70987,-0.18666,0.1104,0.2635,-0.063681,-0.092828,0.031645,0.12363,0.13075,-0.3214,0.82951,-0.70622,-0.076346,0.15078,-0.48556,0.51623,-0.58216,-0.34757,0.044049,0.51207,-0.4538,0.2027,-0.49929,0.44029,-0.17931,0.42508,0.956431276067483,-0.0123885097529947,0.158491726440326,0.795368184238262,2.34038383340522
167403,0.55836,0.35729,0.31844,-0.11029,0.055681,0.071205,0.31318,0.70377,0.84619,0.69635,0.051373,0.50399,0.51127,0.85458,0.68635,0.73374,0.53683,0.63443,0.73935,0.27114,-0.0047268,0.076205,0.2889,0.21759,-0.15771,0.7425,0.73459,0.03952,0.7628,0.43248,0.13288,0.083717,0.40523,0.62714,0.7087,0.61936,0.36301,0.036017,0.46994,0.62539,-0.047412,-0.14318,0.067159,-0.11795,0.44797,0.254,0.70638,0.23065,0.03164,0.11455,0.55504,0.32825,0.30094,0.27305,0.43798,0.19602,0.39341,0.56101,0.40058,0.80831,0.76009,0.75865,0.81209,0.39538,0.2684,0.40688,0.70322,0.38976,0.50613,0.3898,0.22542,0.031299,-0.07627,0.47413,0.60446,-0.0081861,0.020535,0.42616,0.24967,0.61619,0.010777,0.31771,0.12051,0.41027,0.079392,0.50644,0.05432,0.35519,0.0054384,0.037591,0.071284,0.56192,0.12582,0.40925,0.2044,0.3871,0.25591,0.039023,-0.13442,0.17652,0.76245,0.014728,0.41816,0.17972,0.36742,0.4091,0.45713,-0.591006611526044,-1.62904552566195,0.835378139352818,-0.206366107697258,1.2696842938921
179564,0.113,-0.71167,-0.47699,0.3121,0.24793,-0.58607,0.29687,0.46591,0.23023,0.37624,-0.30923,0.050572,0.34027,0.52766,0.20882,0.4776,-0.20824,0.092914,0.24831,0.010289,-0.39534,-0.019875,0.44347,-0.14426,-0.029225,0.50987,0.0090064,0.71231,-0.21185,-0.013199,0.077174,0.49334,-0.26741,-0.29419,-0.055164,-0.235,0.032466,0.079476,-0.081015,-0.21075,-0.39756,-0.1515,0.042462,0.014293,0.25699,0.30465,0.55401,-0.13532,-0.37777,0.17025,0.1723,0.18099,-0.11559,0.14514,0.059439,-0.050187,0.33754,-0.19539,0.35083,0.66817,0.26975,0.40451,-0.11435,0.37938,0.29089,-0.2192,0.62859,0.18656,-0.085897,0.15498,-0.027172,-0.25713,0.11157,-0.1772,0.22668,0.22687,-0.32925,-0.18676,-0.067068,0.051385,-0.39615,0.66427,-0.45834,0.055398,-0.098786,-0.10141,-0.15636,0.30385,0.27949,-0.26434,-0.45241,0.48648,-0.070907,0.27646,0.34444,0.49197,-0.10571,0.48318,0.33529,0.43417,0.58762,-0.12968,0.42264,0.5939,0.6657,-0.2756,0.67375,2.6975932348699,-0.355365452674942,-0.172975075498933,2.04301201177403,-0.113615041632009
179614,0.40232,0.36089,0.033917,0.36813,0.39118,0.4287,0.5221,-0.021392,0.094252,0.013111,0.22585,0.38493,0.23644,0.52365,0.12592,0.40593,0.25872,0.40908,-0.12526,0.18836,-0.044867,0.19458,-0.02354,-0.025858,-0.10818,-0.004364,0.31715,0.32566,0.12104,0.2994,0.16713,-0.38907,-0.33013,0.32352,0.44116,0.10177,0.32823,-0.081487,0.41929,0.22642,0.4129,-0.17686,-0.36647,0.6316,0.42868,-0.17032,0.68963,-0.10842,-0.43895,0.41075,0.35007,-0.32245,-0.34949,0.38738,0.20927,0.20849,0.6396,0.022754,0.15635,0.64657,0.021758,0.3829,0.61587,0.45486,-0.30952,-0.30333,0.238,-0.31765,0.2703,0.16276,0.20595,0.11554,0.28656,0.14139,0.092511,0.087389,-0.22079,-0.0092447,0.34114,0.36837,-0.12035,0.32538,-0.34908,-0.08893,-0.22348,0.52138,-0.18232,-0.2303,0.44399,0.51173,-0.36123,0.009726,-0.55589,-0.18201,0.10282,0.021561,-0.035636,-0.081725,0.24443,0.11194,-0.32106,-0.13175,-0.11608,0.26903,-0.13397,0.18042,0.13141,0.630009212266867,0.223731000011251,1.05067960345636,-0.665785143235893,0.0603982042735691
180172,0.06308,-0.11202,0.29735,-0.1079,0.48136,-0.30596,0.18292,0.31488,0.35068,-0.2498,-0.21268,0.10577,-0.15413,-0.029935,0.0076802,0.016823,0.16509,0.22665,-0.073491,-0.014628,0.10628,0.4098,-0.041078,0.21459,0.063081,0.12404,-0.071296,0.30393,-0.29101,-0.40281,-0.44595,0.28732,0.11075,0.54766,0.12065,-0.071927,-0.50934,-0.6367,0.1046,0.16859,-0.0028453,-0.30393,0.37813,-0.37283,0.19135,-0.23083,0.57114,0.12217,0.21987,0.11749,0.16951,-0.19148,0.23413,0.019847,0.30509,0.39507,0.45982,0.47203,-0.052459,0.64008,0.075176,0.46954,-0.056492,0.27078,-0.5874,0.56054,0.69602,0.06014,0.075966,-0.12266,0.035776,0.11557,-0.19162,-0.11355,0.17775,0.23341,-0.24627,-0.38096,0.03648,0.46699,0.099554,0.094985,-0.17129,0.49024,-0.07145,0.17461,0.46411,-0.36884,0.52794,0.012065,-0.58679,-0.24099,-0.010745,-0.47425,0.57583,0.58473,-0.63446,0.56583,-0.26328,0.25443,0.83014,-0.81855,0.79634,0.097121,-0.053458,0.087334,0.40225,1.37513247151571,0.908197906713545,-0.243907429099339,-1.03712548598918,0.328093706550413
191161,-0.18005,-0.73401,-0.6134,0.25806,0.49175,-0.6489,0.73041,-0.011951,0.404,-0.44862,0.0050578,0.22947,-0.67436,0.62295,0.35875,0.43719,-0.29281,-0.28231,-0.59857,-0.097019,-0.16625,-0.2291,-0.28584,-0.40579,0.39485,-0.10389,-0.53117,0.6251,-0.28451,-0.3139,-0.17476,-0.312,-0.54606,-0.22545,-0.49007,-0.52119,-0.28141,-0.25743,-0.11256,-0.3825,-0.17837,-0.37885,-0.18536,-0.75367,0.34878,-0.32199,-0.0066658,-0.084901,-0.20647,0.28612,0.1543,-0.14663,0.083341,-0.22467,-0.19956,-0.63192,0.32908,0.11705,0.14074,0.38006,0.32139,0.50488,0.26416,0.30921,0.18055,-0.18934,0.51647,0.075396,-0.44399,-0.31432,0.085256,0.4468,0.49773,-0.34907,-0.11778,0.40738,-0.24488,-0.8847,-0.40586,0.1335,0.13212,-0.10797,-0.31231,0.1915,0.27001,0.19449,0.028915,0.48847,0.17527,-0.019147,-0.43427,0.32718,-0.43987,-0.38333,-0.064977,-0.47352,0.16957,-0.36299,-0.2937,-0.22898,0.4092,-0.64314,0.62108,0.17878,0.52516,-0.17494,0.59968,1.00396735788319,1.52262222212427,0.742530906303342,-0.863788587196106,-0.755774545746357
197297,0.12467,-0.13066,-0.12771,-0.3123,-0.3095,-0.24067,-0.03552,0.43025,0.72798,-0.43241,0.10285,0.34654,-0.38989,0.60611,0.55801,0.65843,0.37534,-0.057657,-0.40595,-0.51254,0.09123,-0.083177,-0.32715,-0.11975,0.31977,0.36657,0.041707,0.6198,0.8745,-0.51335,0.69344,0.27779,-0.87576,0.39436,-0.0055708,0.76737,-0.55682,0.6485,0.39095,0.79847,-0.0023557,0.59973,0.25046,0.15409,0.43095,-0.87824,0.36156,-0.31495,-0.032022,-0.019953,-0.27616,0.3959,-0.29799,0.22349,-0.47456,0.22011,0.75174,0.26628,0.75598,0.42131,-0.31847,0.50501,0.17935,-0.1308,-0.33748,0.23439,0.29252,0.030979,0.04519,-0.059674,0.21212,0.018735,-0.00089113,0.22622,0.22012,0.41237,-0.014171,-0.82297,-0.92459,-0.33686,0.21902,-0.74292,0.71751,-0.11057,0.023507,-0.24269,0.37916,0.13386,-0.19457,-0.17225,-0.035719,0.48334,0.44552,0.75694,0.60035,0.43521,-0.28472,0.49393,0.059862,0.024915,-0.064453,0.28383,0.72958,-0.5253,-0.2125,0.4128,0.77866,-0.645725359922522,0.154872427454052,-0.435160938251267,0.363667848387983,0.367414888821043
199397,0.075604,-0.2227,-0.163,0.14211,0.24046,0.14948,0.43737,0.05738,0.82281,0.5894,-0.012808,0.27408,0.048229,0.69204,0.42531,0.69996,0.47624,0.65037,0.55126,-0.27467,-0.26727,-0.077361,0.33656,0.57786,-0.29877,0.080325,0.49859,0.22576,0.45222,0.04033,-0.10826,0.22567,0.43518,0.36046,0.52869,0.1754,-0.010646,0.027725,0.27351,0.11113,-0.17691,-0.095515,0.25736,-0.52865,0.31069,-0.46192,0.0356,0.10549,-0.21441,0.11813,0.28649,-0.058083,0.13918,0.36706,0.011952,-0.18064,0.66057,0.025245,-0.26984,0.77866,0.72012,0.43686,0.12258,0.34493,0.2106,-0.002164,0.49047,-0.077104,-0.090535,-0.22181,-0.10924,-0.14266,0.10062,-0.2262,0.18288,-0.34843,-0.027287,-0.1711,-0.26987,0.025015,-0.013745,0.33161,-0.10114,0.46991,0.55008,0.13801,-0.14754,0.22127,0.21613,0.036524,0.047261,0.49017,-0.14615,0.15168,0.71664,0.60877,-0.3087,0.64931,-0.47067,0.20681,0.72602,-0.17619,0.74708,-0.22798,-0.011162,0.092448,0.20061,0.903309130284156,-1.05584701137974,-0.275718980994245,0.831973210933166,-1.19921555574597
216806,-0.12863,-0.50519,-0.41828,-0.52762,-0.24819,-0.56454,0.42872,0.3558,0.22264,0.15042,-0.28982,0.15488,-0.16883,0.62068,0.19232,0.50222,0.36823,0.4685,-0.12773,0.17417,-0.26822,-0.11107,-0.12786,0.012964,-0.38842,0.46981,0.40378,0.30809,0.38826,0.34684,-0.49541,0.25242,0.28903,0.51798,0.21429,0.074367,0.43146,-0.58148,0.17034,0.065037,-0.56114,-0.75008,0.36229,-0.66826,0.12322,-0.49477,0.49165,0.12493,-0.26937,-0.30031,-0.04592,0.039631,0.075161,-0.38427,0.22909,-0.526,0.098386,-0.18714,-0.43672,0.35562,0.03045,0.61504,0.73778,0.23744,-0.54635,0.23196,0.58195,-0.47582,-0.29277,-0.59644,-0.21708,-0.2742,-0.40901,-0.37101,-0.26181,-0.1915,-0.16133,0.081132,0.35172,0.44671,-0.04581,-0.018167,0.0021691,-0.37384,0.21677,0.28967,-0.4461,0.3371,-0.085969,0.17621,0.034059,-0.16674,-0.39613,0.41541,0.50347,0.61195,-0.45349,0.42609,-0.10223,-0.033134,0.53497,-0.096616,0.6461,-0.12253,0.04171,0.2384,-0.11094,0.331595185083966,1.00770185189172,0.728752609997894,1.69890323695791,1.22930461838258
222333,0.41073,0.2107,-0.18714,0.16845,0.61775,-0.12583,-0.03288,0.33887,0.36899,0.30381,0.25175,0.53514,-0.10221,0.41899,0.29077,0.39189,0.089224,0.28476,0.12751,0.27267,0.092681,0.1794,0.14423,0.1905,0.165,0.17991,0.44258,0.59151,-0.0065625,0.52677,0.30197,-0.36311,0.10423,0.38728,0.45127,0.40945,0.40729,0.20812,0.24146,0.18079,-0.065169,0.18061,0.022494,0.45813,-0.1814,0.23891,0.692,-0.035076,-0.3801,0.22804,-0.16042,-0.13199,0.0149,0.32461,0.071948,0.11458,0.34178,0.0022905,0.054048,0.52503,0.030916,0.15191,0.82447,0.42348,0.22866,0.5671,0.6443,0.42913,-0.17383,0.014163,0.31325,0.027032,-0.03645,-0.021266,-0.064265,0.21522,0.3746,0.46487,-0.31987,0.33673,0.22807,0.53526,0.3767,0.5349,-0.093329,0.48826,0.15702,0.17697,0.42953,0.40688,-0.19152,0.081603,0.092912,0.27994,0.079672,0.098136,0.17442,0.059411,0.58562,0.66891,0.4171,0.18449,-0.090776,0.14575,-0.085424,0.47007,0.062451,0.0870525207090949,0.0836272688317471,0.609465348022747,-2.27946902599929,-1.24434564001973
224755,0.060503,0.060136,-0.39565,0.12696,0.21116,0.24575,0.11299,0.3206,0.22586,0.425,-0.25228,0.07165,0.45191,0.1243,0.0541,-0.35351,0.2788,0.36268,-0.17761,-0.23422,-0.37166,-0.52552,-0.14241,0.010809,0.025483,0.15585,0.1899,0.05741,-0.27258,0.14429,0.027853,-0.11463,0.12607,0.37913,0.58532,0.051991,0.23991,-0.0046977,0.084664,-0.33007,-0.48292,-0.45748,0.035077,0.13093,0.012554,0.2532,-0.07501,-0.08523,-0.10327,-0.45335,0.28722,-0.21219,0.13342,0.25411,0.28012,-0.15792,0.34737,-0.37863,-0.25553,0.55613,0.4376,0.33962,0.095907,-0.073934,0.23619,-0.16385,0.17892,-0.2188,-0.096846,0.20969,0.1925,0.094086,-0.40554,0.064376,-0.3326,0.13933,-0.30579,-0.19581,0.051231,0.3217,-0.17884,-0.16264,-0.17437,0.47825,0.38116,0.292,-0.30186,0.59061,0.52115,0.30719,-0.57786,0.40547,-0.0049278,-0.12663,0.6206,0.14976,-0.16643,0.18422,-0.3231,0.37323,0.42888,0.39848,0.51857,0.213,-0.1282,0.21897,0.11818,-1.37848892430526,-0.454270690381685,1.2080101106216,0.692747331826159,0.373369513796541
244353,0.038501,-0.43225,-0.33856,0.61053,0.31532,-0.20219,-0.41783,0.40596,-0.065368,-0.41759,0.38275,-0.419,0.63103,-0.11536,-0.078319,-0.30499,0.51656,0.58279,0.23706,-0.063388,-0.11364,0.23756,-0.18952,0.28252,0.14388,0.67016,-0.023893,-0.10482,0.39307,-0.06502,0.7047,-0.37161,-0.42364,-0.10334,0.24388,0.15883,-0.036102,0.60882,-0.28586,-0.24195,-0.34364,0.010663,-0.44006,0.63696,0.099164,0.41808,0.57722,0.13166,0.39982,-0.44496,-0.032742,-0.7351,0.65129,0.26666,0.31659,0.30633,0.52341,0.12828,0.15584,0.63596,0.5453,-0.056317,-0.011324,0.41233,-0.28234,0.21297,0.11374,0.10899,0.18941,0.22953,0.086616,0.027113,-0.19103,-0.032795,-0.18155,-0.11727,0.50363,0.8814,-0.065192,0.24271,-0.4698,0.27913,-0.49832,-0.14299,0.051565,-0.05225,-0.13645,-0.22493,0.33475,0.1487,-0.48218,-0.14227,0.055848,-0.025393,0.12792,0.6679,-0.55735,0.54637,0.6472,0.78261,0.83469,-0.49804,-0.060163,-0.17532,0.12172,-0.13695,-0.080351,0.416295567265141,-0.0168947881911234,-0.243151158726402,1.05852970623223,-1.30857504178246
259678,0.41289,-0.52102,-0.13431,-0.096162,0.25,-0.20489,-0.19336,0.37963,0.56415,0.22777,0.38864,0.65469,-0.098876,0.64254,0.48082,0.58874,0.49243,0.054685,-0.24444,0.53898,-0.079184,-0.38065,-0.25941,-0.04495,0.60041,-0.095875,0.049821,0.55195,-0.53128,0.58969,-0.26297,-0.58817,-0.51756,0.6108,-0.20045,0.45654,0.49264,0.10775,0.24425,0.31996,-0.25695,-0.10715,-0.12196,-0.33967,0.095674,-0.2401,0.035385,-0.098053,-0.026701,0.15746,0.21059,0.38331,-0.30807,-0.30023,0.75162,0.36023,0.54783,0.33953,0.28907,0.079901,0.090619,0.215,0.72863,0.34795,0.10037,0.58346,0.026538,0.037442,-0.10139,-0.11746,0.22907,0.050232,0.1227,0.16403,0.26362,0.038232,-0.28357,0.56307,-0.59304,-0.22192,0.3493,0.53919,0.17436,0.044497,-0.36304,0.031606,0.17397,0.44215,0.32498,0.35875,0.47504,0.66168,-0.1607,-0.094577,0.45457,0.2525,-0.029917,-0.11976,0.11128,-0.15695,0.54255,0.11271,0.40621,-0.068034,0.10833,0.24838,-0.13434,0.301361312628532,0.452003938276039,1.29709464798504,-1.21017962734574,1.44759923234919
267327,0.13903,-0.45685,-0.49113,-0.28846,-0.15503,0.055303,0.30358,0.4797,0.47958,0.38612,0.1969,0.29137,0.49884,0.82992,-0.37288,0.76015,0.18564,0.18606,0.39258,0.037217,-0.14555,-0.1491,0.42526,-0.083426,-0.13889,0.61845,0.10463,0.29532,0.44106,0.12884,-0.19854,-0.19167,0.63643,0.46864,0.51999,0.54739,0.41489,0.092778,0.06946,-0.24507,-0.14632,-0.015961,-0.10987,-0.015054,0.031803,0.23868,0.58039,0.27543,-0.19093,-0.27567,0.47707,0.17127,0.35825,0.077377,0.20818,0.16164,0.23704,-0.035837,0.098843,0.2921,0.62696,0.59072,0.65693,0.023552,-0.081593,0.28328,0.61308,0.37629,0.32867,0.21263,0.1412,-0.11811,-0.15005,0.19224,0.12914,0.13492,0.26678,0.35802,0.17349,0.33967,-0.63518,0.4425,-0.075094,0.10218,-0.29116,0.15745,-0.22389,0.57316,0.68752,0.31521,-0.29175,0.22869,-0.012529,-0.09128,0.50301,-0.40093,-0.24895,0.3266,-0.51936,0.16426,0.45724,-0.38013,0.24331,-0.21841,0.25655,-0.06576,0.08501,-0.992704875388195,0.82634346621158,0.395740165505377,-0.800349083977181,-0.103828382888496
273218,0.1666,-0.35916,-0.31773,-0.19877,-0.18096,0.055641,-0.29737,0.33501,0.71947,0.69148,-0.28552,0.26743,0.50474,0.76389,0.49919,0.67561,-0.003221,0.42899,0.71166,-0.373,-0.59656,-0.101,0.54081,0.44931,-0.27373,0.43078,0.56274,0.44785,0.73446,-0.089684,-0.49251,0.23459,0.42237,0.00093067,0.39896,0.80576,-0.31806,-0.54828,0.31395,0.34442,-0.32534,-0.38362,0.18373,-0.39826,-0.25306,0.26823,0.13158,-0.53165,-0.50909,-0.20624,0.45361,-0.026212,0.1312,0.10513,0.10161,-0.2528,0.83394,0.35707,0.51703,0.56692,0.3447,0.41705,0.60106,-0.065114,0.39381,-0.22983,0.62196,-0.22223,-0.22522,0.26401,-0.6355,-0.14143,-0.46558,-0.36677,0.080926,0.3562,-0.18843,0.11589,0.51733,0.14927,0.22081,0.32054,-0.2183,0.57487,0.588,-0.23103,0.14218,0.43069,0.24699,0.0081276,0.028648,0.25614,-0.56601,-0.25871,0.3987,0.027438,0.0948,-0.36487,-0.33052,-0.10275,-0.10753,-0.043338,0.090139,-0.17825,0.42822,-0.14349,-0.0047013,-0.682589019061513,-2.48111007811912,-1.34747907862998,0.249534997589082,0.572448712301678
273762,-0.13851,-0.51077,-0.28348,-0.38075,-0.26102,-0.50001,-0.44448,0.42739,0.66877,0.50021,-0.22485,0.40745,0.04103,-0.03696,-0.28004,0.26741,-0.076288,-0.0080862,0.037521,-0.0015629,0.10628,0.22016,0.24524,-0.039728,0.30895,0.71162,0.54424,0.74981,0.45423,-0.24226,-0.41704,-0.32333,-0.17515,0.54299,0.44468,0.40199,-0.055543,-0.39863,0.38883,0.28546,0.53564,-0.37304,-0.48183,0.5823,0.47246,0.14418,0.58606,-0.18357,-0.55761,-0.36081,0.0068647,-0.32549,0.37707,0.60479,0.007217,0.32373,0.71756,0.24364,0.26147,0.47768,0.4929,0.57292,0.19131,0.076034,-0.15066,0.12498,0.68866,-0.40601,-0.054685,0.081917,-0.53174,-0.38505,0.05471,-0.12278,0.23792,0.50258,0.25629,0.57572,-0.17133,0.15916,-0.32531,-0.17659,-0.25717,-0.085182,0.079468,0.059605,-0.48559,-0.51012,0.28797,0.31439,-0.060632,0.6016,-0.49558,-0.31408,-0.094016,0.031052,-0.21099,-0.049301,0.35572,0.22734,0.10182,-0.21675,-0.33163,-0.31681,-0.27336,-0.060963,-0.38665,-1.8300384119448,0.205280814258799,-1.23226858228933,-0.817784673469161,-0.946138389557627
275939,0.3283,0.027821,-0.13083,0.077108,0.48986,0.025667,-0.20561,0.26593,0.59077,0.36552,-0.03084,0.24087,0.48285,0.16116,0.23843,-0.059845,0.013705,-0.38981,-0.52539,-0.21071,-0.030508,-0.19737,-0.50948,0.016994,0.37462,0.25728,0.010958,-0.16821,-0.30692,-0.073784,-0.24967,0.02614,0.034878,0.0063801,-0.47957,0.16257,-0.15777,-0.0037259,0.015711,0.23948,0.32299,-0.15767,0.063816,-0.62228,-0.15529,-0.48094,0.53185,0.12674,-0.33018,0.17752,0.46184,-0.0636,0.44034,-9.61e-05,0.25266,0.43665,0.56212,0.32417,-0.25311,0.32415,0.33713,0.089251,0.68367,-0.14106,-0.014438,-0.24773,0.20221,-0.10473,0.061793,-0.019917,0.064134,0.25111,-0.26406,-0.3299,0.13577,0.30876,-0.41861,0.066877,-0.23524,-0.051731,-0.011257,-0.42467,0.19409,0.078982,0.34364,-0.038682,0.12203,0.14802,-0.032879,0.0019691,-0.63882,0.22456,-0.27173,-0.039234,0.22697,0.033361,0.21995,-0.024663,0.44302,0.4983,0.65251,-0.34215,0.059047,0.50052,-0.12201,0.39534,-0.14939,-0.187301345916192,0.0260307856983546,-1.84589240981659,-1.34447921350918,-0.164421916422945
277945,0.36298,0.26086,0.44229,0.13294,0.34107,-0.083241,0.046371,0.61819,0.36368,0.050737,-0.1519,0.63395,-0.45674,0.14427,0.065582,0.084499,-0.16301,-0.15525,-0.023596,-0.30382,-0.17247,-0.12603,0.13686,0.081701,-0.0047866,0.45189,0.38117,-0.080954,0.60379,0.19832,-0.24688,0.0011774,-0.25255,-0.42597,0.28818,0.33723,0.20523,-0.33404,-0.054616,0.43718,-0.17823,-0.41867,-0.0048641,-0.33885,0.039605,-0.55737,0.41127,-0.056027,-0.16797,0.25934,0.17367,0.2549,-0.21041,0.46272,0.25101,0.178,0.46656,-0.090767,0.20239,0.49725,0.17156,-0.034252,0.10582,-0.13207,0.18228,-0.11643,0.38518,0.10526,-0.094241,0.042034,0.13114,0.10594,-0.12603,0.13796,0.059053,-0.35564,-0.11255,-0.23732,-0.20086,0.3888,-0.13428,-0.023551,0.51102,0.3461,0.32042,0.13946,-0.32849,0.22073,0.44985,0.16016,0.098864,0.57555,-0.19912,-0.14459,0.14386,0.074875,-0.1846,0.10489,-0.31445,-0.16078,0.43373,-0.38205,-0.07526,-0.078647,-0.042793,0.14574,0.25495,-0.602088751611176,-1.17823631779578,-0.911474412123878,-0.852500920278148,-0.865759359482972
290112,0.40831,0.35536,-0.13193,0.14095,0.42978,0.48325,0.39741,0.076241,0.22946,0.42857,-0.4572,0.11058,-0.022804,0.65277,0.34921,-0.1999,-0.025489,0.15474,0.043538,-0.099833,-0.60558,-0.48148,-0.18036,0.0055551,-0.33624,-0.2718,0.29681,0.54462,0.29669,0.063907,-0.51697,-0.37742,0.072101,0.26354,0.42908,-0.0020674,-0.043875,0.29305,0.1285,0.47518,0.54406,-0.60153,-0.58994,0.35212,-0.34977,-0.078687,0.61929,0.056681,0.53523,0.70423,0.57899,0.43848,0.24295,-0.10858,0.39076,-0.31255,0.54219,-0.032251,-0.15747,0.58486,0.7113,0.31093,0.63181,0.26367,0.33873,0.27362,0.51417,-0.1518,0.20565,0.046535,-0.35972,-0.15151,0.29059,-0.14747,0.44665,0.39702,0.31473,0.28566,-0.18619,0.13375,0.28475,0.50008,-0.028261,0.1205,0.1763,0.12366,0.14958,-0.3041,0.010589,0.2656,0.0080167,0.78687,-0.070662,-0.1021,0.84105,0.42182,0.38278,0.4669,-0.012117,0.34575,0.19216,-0.34894,0.56047,-0.20903,0.2996,0.3156,-0.016677,-0.934610900886802,0.499025145289766,-0.671347069148486,0.565998575350817,1.22204409138543
293046,0.55062,0.3869,0.23496,0.19526,0.4257,-0.05823,0.42093,0.46653,0.51587,0.21717,0.29391,0.11451,0.27247,0.70119,0.70708,0.53581,0.043014,0.42092,0.18968,-0.067712,0.23553,0.32709,0.67146,0.59194,-0.11898,0.50548,0.24409,0.13129,0.59445,0.28257,0.34525,0.37363,0.54258,0.52802,0.44735,0.035356,0.20775,-0.21864,0.1652,0.39994,0.38289,-0.066723,0.53131,-0.42488,0.34414,-0.30115,0.4835,0.11448,0.23376,0.23985,0.082916,0.27963,0.15695,0.54983,0.16762,-0.43574,0.23975,0.13618,0.68617,0.2218,0.24004,0.575,0.72275,0.19677,-0.40598,0.58189,0.49304,0.022636,0.25956,0.2789,0.34342,0.11384,0.21578,-0.21713,0.090099,0.2037,0.08089,-0.44266,0.089121,0.56614,0.32875,0.48108,-0.0018698,0.19468,0.39516,-0.0029886,-0.2622,0.19771,0.27419,0.14459,-0.29906,0.17042,0.055833,0.2049,0.6008,0.66117,-0.38949,0.523,-0.0046825,0.36079,0.89518,-0.7749,0.85759,0.083208,0.45161,-0.2609,0.62502,-1.10739507206771,0.732648838365893,-1.24620025912947,-0.351647599768819,-0.566231394499277
295807,-0.020293,-0.025128,-0.031631,-0.055613,0.055291,0.053488,-0.13765,0.015115,0.21967,0.26791,-0.089361,0.25215,-0.29816,0.40459,0.23166,0.31668,0.018965,0.17022,0.070871,-0.17911,-0.18387,-0.25477,-0.26455,-0.13375,0.29823,0.059612,0.35424,-0.059103,0.24006,-0.11988,-0.019612,-0.18946,0.077684,0.10833,0.40164,0.001059,-0.2709,-0.05442,0.019153,-0.072099,-0.16662,-0.56962,-0.049688,0.28146,0.264,0.11064,0.035186,0.1127,-0.40523,-0.10891,0.28478,-0.16314,0.34135,0.27939,-0.11793,0.016157,-0.12131,-0.26142,-0.11993,0.38353,0.39418,0.16726,0.14854,0.14574,0.26411,-0.073009,0.191,-0.019377,0.14723,0.092545,0.091691,0.3177,0.073032,0.035377,0.14178,-0.35536,-0.21399,0.092685,0.21564,0.30105,-0.10322,0.23545,0.27949,0.0037653,0.099911,0.033113,0.070083,0.45913,-0.31166,0.026886,-0.15647,0.52709,-0.40948,-0.50431,0.057551,-0.18179,-0.020148,-0.069973,-0.038227,0.22931,0.60405,-0.23409,0.5202,-0.020897,0.036825,-0.35119,0.03932,-1.69919880480289,-0.379024187333299,-0.898126333388637,-2.0570242232033,0.121891697263774
298608,-0.21553,-0.36033,-0.56535,-0.050483,0.20947,-0.11538,0.42602,0.50972,0.56371,-0.18869,0.056111,0.5644,-0.65282,-0.099205,-0.092203,-0.26992,-0.047469,-0.14863,0.36011,-0.26389,0.1974,0.00054132,-0.087853,-0.0012286,-0.31247,0.34392,-0.23962,0.26685,0.12842,0.25171,0.018478,0.54998,0.088675,0.014474,-0.10048,0.032157,0.38227,-0.36993,-0.13147,0.006698,0.072714,-0.099812,0.60814,-0.62475,0.36333,-0.66191,0.18737,0.14837,0.23024,0.40478,-0.21266,0.28063,-0.24499,-0.32939,0.24413,-0.47811,0.16797,0.029764,0.26477,0.59066,0.24336,0.68066,0.34314,0.055241,0.0080364,0.024818,0.21178,-0.090979,-0.01694,-0.17266,0.11193,0.011587,-0.08652,0.16278,-0.27159,-0.30302,0.010857,-0.42648,-0.085142,0.45783,0.065705,-0.05483,-0.0045863,0.069152,0.49681,0.36118,-0.44578,0.04144,0.35808,0.095808,-0.50096,0.22353,-0.098994,-0.71567,0.41157,0.59851,-0.54955,0.45094,-0.38231,-0.037344,0.7821,-0.75412,0.42493,0.032741,-0.23142,0.36877,0.14113,-0.821359828082759,-0.676063985651057,-1.82602507576506,0.804974118973235,-1.07910900049696
323839,-0.042307,-0.23744,-0.060277,-0.35774,-0.1731,0.23053,0.2146,0.3372,-0.065057,0.45381,-0.037515,0.45634,-0.15597,0.14001,0.24332,-0.01258,0.027373,-0.0023016,0.20432,-0.18245,-0.18895,0.033561,-0.024547,-0.06575,-0.19135,0.36573,-0.059347,-0.10337,0.34708,0.13972,0.26557,-0.10834,0.1258,0.42363,-0.0075345,0.4556,0.10356,0.091667,0.0083612,0.30959,-0.47561,-0.33641,-0.030824,-0.33853,0.16468,-0.36752,0.026196,-0.15484,-0.053824,-0.066819,-0.015416,0.17479,-0.22959,-0.13091,0.34618,0.10016,0.54564,0.3381,0.031242,0.31332,0.61934,0.66519,0.48666,0.34372,0.064887,0.1109,0.42325,0.22507,0.26066,-0.13181,0.44687,0.32948,-0.27912,0.28155,0.55759,0.12426,-0.37506,0.08263,0.014345,0.49983,0.30017,0.55219,0.24412,0.23144,0.16175,0.29693,-0.3379,0.25856,0.077675,0.14541,0.055414,0.39533,0.33604,-0.32067,0.34847,-0.2281,0.059755,0.15837,-0.27459,-0.36419,0.5268,-0.29384,0.069667,0.24021,0.41791,-0.18829,-0.28312,0.899686437591464,-0.903162694718441,-0.694057239381037,-1.13914981533313,0.299140473561444
337260,0.43413,0.38704,-0.11687,-0.13353,-0.041606,0.15842,-0.012129,0.10763,0.17661,0.15364,-0.22304,0.15296,-0.019366,0.12648,0.062251,-0.26815,-0.020005,0.17988,-0.053954,-0.25257,0.14501,-0.1265,-0.011357,0.10434,-0.091534,0.028005,-0.021594,0.033558,-0.25499,-0.12036,-0.31795,-0.23018,0.11652,0.039922,0.15851,-0.24917,-0.15327,0.11168,-0.088939,-0.29299,-0.51249,-0.31703,-0.023006,-0.36119,0.083306,-0.1753,0.044587,-0.40406,-0.070069,0.21422,0.27507,0.29178,-0.37455,0.017727,-0.05605,0.2176,0.088315,-0.11188,0.24203,0.72339,0.27744,0.30032,0.38444,-0.0060927,-0.18033,0.27178,0.24347,-0.021738,0.13222,0.29209,-0.15984,0.091032,0.084149,0.16262,-0.027292,-0.16215,-0.31513,0.74402,0.098794,0.30602,-0.074331,-0.060306,0.072217,0.15467,0.23498,-0.19726,-0.16257,0.33104,0.27869,-0.21448,-0.070152,0.50233,-0.086352,-0.072921,0.51136,0.36119,-0.25066,0.39162,-0.18287,0.28171,0.5816,-0.15822,0.42474,0.36033,-0.28276,0.23639,0.19324,-0.363095337992517,-0.549619749975009,1.94645751713112,-0.499089189547962,0.672088796351131
348851,0.30931,-0.035629,-0.24909,0.22409,0.11095,0.12853,-0.13721,0.27169,0.19313,0.39093,0.07602,0.30393,0.1834,0.46664,0.16152,0.18503,0.11326,0.093575,0.20082,0.032373,-0.22971,0.052108,0.11513,-0.054025,-0.06321,0.61217,0.33743,-0.092413,0.42891,0.14114,0.096412,0.27038,-0.078815,0.23275,0.41015,0.18187,0.08618,0.0080488,0.33569,-0.081926,0.070915,-0.28627,0.29863,0.18928,0.55639,-0.0986,0.74382,0.065413,-0.25957,-0.078305,-0.11723,-0.28552,0.57242,0.2208,0.16685,-0.020072,0.37048,-0.117,0.077543,0.67857,0.30341,0.49092,0.72641,0.37247,-0.01324,0.034441,-0.13621,0.37894,-0.12489,-0.10809,-0.50338,-0.11085,-0.36315,-0.23558,-0.61393,0.23941,-0.22953,0.74349,0.19858,0.31404,-0.035908,0.25872,0.085898,0.17658,0.21761,0.13205,-0.026032,0.37291,0.52053,-0.2008,-0.11561,0.42544,-0.049736,-0.17685,0.55803,-0.11862,-0.074363,0.17348,0.42177,0.48175,0.49978,-0.48055,-0.099588,0.046328,0.15606,0.043517,0.22737,-0.0635789596458818,0.340216185157847,1.25064661556717,-0.703061998615695,-1.14465231103806
403692,0.30215,0.52919,0.23615,-0.44014,0.47455,-0.54397,0.51474,0.22432,0.63817,0.43224,0.33366,0.53649,-0.22032,0.0083628,0.1775,0.33955,0.0022539,0.17493,0.26236,0.32316,0.17467,0.055433,-0.04815,0.16754,0.12362,0.11373,-0.0478,-0.92026,0.18862,0.18683,0.014562,-0.76822,-0.54159,0.48995,0.1092,-0.51014,-0.072225,0.11008,0.45747,-0.1954,0.031085,0.33991,0.43085,0.045287,0.27412,-0.15192,0.44094,0.20667,-0.31804,-0.010719,0.15163,-0.054622,0.033986,-0.23816,0.51127,0.13074,0.51154,0.53018,0.14315,0.42966,0.43635,0.37732,0.14567,0.57852,-0.43865,0.49716,0.29815,0.36938,0.19257,0.5693,-0.119,-0.51941,0.38858,-0.42197,0.46234,-0.15205,0.62471,0.74701,-0.064762,0.69958,-0.083242,0.0097958,0.027677,0.030577,-0.051616,0.08886,0.097199,0.11596,0.73028,0.43884,-0.65782,0.34375,-0.030424,0.44268,0.7619,0.79623,-0.66388,0.73664,0.38917,0.73022,0.9169,-0.83011,0.92559,-0.31661,-0.48357,0.6832,-0.045565,-0.27084074848584,1.84916716962559,0.859234426564228,2.11605985888594,-0.208298943269423
404156,0.17595,-0.17722,-0.02934,-0.040642,-0.10189,-0.1107,0.053306,0.12711,0.16082,0.017029,-0.16779,0.024923,0.071824,0.43338,0.26977,0.1978,-0.42571,-0.24072,-0.26647,-0.20413,-0.099419,0.23423,-0.094777,0.08276,-0.21576,0.15278,-0.34897,0.033803,-0.27668,-0.048637,0.086858,0.13686,-0.11142,-0.28594,-0.31619,0.10685,-0.13953,-0.096907,-0.097952,0.0241,-0.48919,-0.48101,-0.11256,-0.40043,-0.16655,0.14837,0.39162,-0.54173,-0.45015,0.14026,0.42797,0.52553,0.047362,0.32971,-0.2218,0.053596,0.03398,-0.099715,0.19443,0.29316,0.75198,-0.035333,0.55005,0.0038551,-0.1491,0.24121,-0.056512,-0.12564,-0.24796,-0.15231,0.026557,-0.16896,-0.11201,-0.29741,-0.073066,0.018851,0.12407,-0.11104,-0.3582,-0.11827,-0.088106,0.36737,-0.14497,0.63144,0.069872,0.10954,0.23886,0.53026,0.44674,-0.0087427,-0.01504,0.33673,-0.19839,0.050005,0.25769,0.26939,0.23373,0.046182,-0.30284,-0.11595,0.36392,0.24543,0.37912,0.28551,0.21753,-0.030813,0.64958,-0.554617433778492,0.176152304629121,0.0962415796950111,-0.75475587729192,2.23141747912387
427131,0.21678,0.087964,-0.14309,-0.4719,0.10568,0.21492,0.40524,0.41551,0.46231,0.48525,0.23012,0.29246,0.0077,0.47254,0.58169,0.4945,0.1583,0.22245,0.37783,-0.17617,0.030099,-0.056236,0.015072,0.31997,0.20863,0.43767,0.15048,0.37723,0.19528,-0.02614,0.10455,-0.011078,0.032568,0.53577,0.25753,0.086696,-0.0081245,0.1663,-0.15502,0.042357,-0.40805,-0.096414,-0.11079,0.0091892,0.087751,0.36667,0.561,0.1478,-0.13539,-0.012886,0.46173,0.39316,-0.548,0.34418,-0.058782,-0.19054,0.47331,0.051816,0.2099,0.52325,0.60086,0.71324,0.27275,-0.18677,-0.36946,0.58066,0.39618,-0.15003,0.0053903,0.17509,0.042764,0.1026,-0.17988,0.13382,0.08314,0.52462,-0.17515,0.6371,0.50626,0.32913,-0.029053,0.53208,0.62631,0.25978,0.19267,-0.23016,-0.42296,0.42921,0.32736,-0.054122,-0.13715,0.59751,0.12789,0.31795,0.48381,0.11199,-0.20952,0.22243,-0.33241,0.32163,0.30621,-0.39158,0.40776,-0.27644,0.64434,0.26818,0.44475,-0.844439666455185,0.171302361919527,-0.68216786461214,1.14841209093948,-0.434429770041625
427246,0.55421,-0.033782,-0.19908,0.29009,-0.12306,-0.12865,0.11119,0.51483,0.23557,0.24121,0.38965,0.66273,-0.083402,0.53916,0.57805,0.436,0.46754,0.4074,0.38293,0.15426,-0.13445,-0.026398,0.18206,0.3408,0.18871,0.66445,0.3958,0.48779,0.27238,0.41031,-0.2449,-0.17204,0.21512,0.4776,0.45207,0.35864,0.49246,0.062813,0.46068,0.3266,-0.20866,-0.40636,-0.048763,-0.26499,0.24338,-0.16573,0.52871,0.44171,-0.15024,-0.10659,0.31953,0.64501,-0.206,0.2375,0.48203,0.092084,0.58257,0.56372,0.32626,0.68647,0.32437,0.48716,0.48119,0.3714,-0.31729,0.48333,0.48268,0.0049007,0.35852,0.28772,-0.40461,-0.10982,-0.16484,0.29258,0.24047,0.29687,-0.30863,0.48629,0.34907,0.053212,-0.03176,0.014581,-0.072145,0.11773,0.38514,0.28889,-0.043449,0.38643,0.35044,0.36691,0.015331,0.4527,-0.34111,0.13871,0.50818,-0.092186,0.050845,0.25702,-0.33727,-0.37014,0.51406,0.079582,0.44224,0.093948,0.2927,0.29943,0.55979,-0.730809553918899,-1.37391834177685,0.0773006725470881,0.677097348085116,0.162831045068287
438939,0.38318,-0.23055,-0.1086,-0.18587,0.053196,0.27681,-0.023912,0.58131,0.70424,0.45957,0.31906,0.68961,0.14291,0.84851,0.5041,0.48679,0.18605,0.39551,-0.24836,0.0050717,0.54852,0.13942,0.02451,0.13229,-0.23668,0.33877,0.24688,-0.30121,0.70502,0.040869,0.48396,-0.10239,-0.20056,0.21257,0.33479,0.6101,-0.010101,0.15617,0.42404,0.40467,0.1282,0.53851,0.2978,0.40403,0.40352,0.28352,0.51464,-0.057523,0.62457,0.63558,0.10711,0.40311,0.41463,0.3957,0.17365,0.18628,0.54987,0.39012,0.052916,0.39908,-0.10599,0.61797,0.70387,0.43295,0.069789,0.4221,0.51158,0.54894,0.36267,0.078553,0.27529,0.18174,0.47898,0.26031,0.33324,-0.32708,-0.43243,0.57251,-0.60228,0.26412,-0.2777,0.16362,0.043832,0.1953,0.12088,0.53906,-0.018091,0.57774,0.064155,0.082095,0.51525,0.64355,0.43603,0.49574,0.2089,0.46836,0.28298,0.26695,0.65771,0.70797,0.70763,-0.055939,0.40352,-0.40216,-0.019195,0.57652,-0.32741,-0.451582027139294,-0.825183880378333,-0.602902104521407,0.529303990149472,-0.821654140069865
441598,0.037074,-0.70208,-0.53855,0.023721,0.23616,-0.4915,-0.39967,0.48932,0.60971,0.26457,-0.2368,0.33233,-0.21692,0.67287,0.58375,0.7286,0.43115,0.4038,-0.18204,-0.084207,-0.50512,-0.11638,0.2401,-0.44847,-0.18601,0.78427,0.081089,0.70144,-0.055216,-0.07492,-0.40576,-0.17578,-0.33928,0.26661,0.1564,0.078703,0.014945,-0.37869,0.12201,0.062035,0.03003,-0.50727,-0.030712,0.44463,0.59666,0.021357,0.74488,-0.0075132,-0.41545,-0.12096,-0.077032,0.61265,-0.07842,0.68748,-0.037485,0.31927,0.79286,0.50431,0.49601,0.51887,0.37286,0.59862,0.27161,-0.034202,-0.48006,0.2102,0.56046,-0.11565,-0.11569,-0.011739,-0.16392,-0.063423,0.013093,-0.17341,0.24706,0.56407,-0.047571,-0.47575,-0.58521,0.46492,0.11074,0.42631,0.11058,0.49009,0.56206,0.26993,-0.026601,0.29677,0.418,-0.049775,-0.19472,0.58746,-0.40528,-0.39792,0.26437,0.14024,0.10826,0.51137,0.38316,0.44319,-0.093186,0.28116,0.58667,-0.085128,0.42213,0.19301,0.75668,-0.391072696934061,0.5234283999965,-0.319117555749404,0.632695135866102,0.683148529413729
459624,-0.22006,-0.54366,-0.34161,0.11048,0.62901,-0.33423,0.49291,0.27017,0.67894,-0.39863,0.18036,0.64269,0.070449,0.36592,0.46335,0.41171,0.40544,0.27098,0.17599,0.24458,0.066957,0.087323,-0.14229,0.19086,-0.11554,0.45882,-0.17531,0.53805,0.50209,-0.038673,-0.050071,-0.51081,-0.31452,0.037518,-0.22893,-0.41763,-0.078884,0.091288,0.17873,-0.043285,0.11814,-0.19509,0.10009,-0.31307,0.18345,-0.31351,0.39698,-0.41613,-0.15415,-0.30279,0.080833,0.35817,-0.32395,0.40358,0.18507,-0.56666,0.78613,0.53072,-0.037617,0.64645,0.46267,0.54772,0.69269,0.4372,0.10702,0.24238,0.34796,0.22695,-0.14449,-0.14346,-0.054142,0.42252,0.3256,-0.28843,-0.31503,-0.098079,-0.054986,-0.46994,0.0033836,0.46941,-0.15916,-0.23269,0.15859,0.17111,0.23652,0.28265,-0.059472,0.36153,0.49846,0.34524,0.14566,0.3181,0.0061135,-0.07917,-0.05281,-0.22432,0.18634,-0.095208,-0.55492,-0.39942,-0.018518,-0.3179,0.8694,-0.51764,0.44856,0.413,0.11384,-1.4232565162781,2.14124676413316,1.36313630222954,0.00337699231095408,-0.202124933159693
467185,-0.22072,-0.62132,-0.45101,-0.28232,-0.16006,-0.21089,0.011968,0.17542,0.48692,-0.045698,0.1997,0.56931,0.68853,0.72419,0.33037,0.68085,-0.19337,-0.086902,0.077545,0.098058,0.16794,0.37475,0.18162,0.23478,-0.19091,0.43425,0.19755,0.026228,0.16204,0.24909,0.16699,0.46008,0.26054,0.15418,0.15402,0.33584,0.15075,0.061966,0.26218,-0.16044,-0.15166,-0.23161,0.13631,0.12546,0.0054086,0.44373,0.45518,-0.062015,0.13979,0.12729,0.23813,0.4395,0.27412,0.34274,0.10341,0.49401,0.51166,0.21669,0.39758,0.5814,0.33724,0.60507,0.32624,-0.43653,0.041576,0.24618,0.5226,-0.035933,-0.19469,0.24828,-0.090096,-0.055982,-0.037188,-0.20865,-0.1097,0.21293,-0.029524,0.055388,-0.019212,0.51693,-0.28492,0.74157,0.23659,0.1714,0.26881,0.15098,0.12431,0.63187,0.014012,0.10452,0.15276,0.63107,0.33509,-0.11917,-0.19929,0.088059,0.27871,0.12158,0.26642,0.36506,0.42306,0.078305,-0.02436,-0.11989,0.28107,0.021701,0.45331,-0.783069997864898,-0.0635110175176372,0.978733540106631,0.947395645161581,-1.23555181910997
468228,0.26349,0.043017,0.10022,0.37083,-0.023213,0.1331,-0.13506,0.46103,0.54668,-0.010662,0.015401,0.091614,0.22397,0.3498,0.1988,-0.29407,0.13168,-0.13257,0.28304,-0.22362,-0.05876,-0.17588,0.027033,-0.25524,-0.4858,0.38859,0.12558,-0.26504,-0.13149,0.02875,0.11584,0.12799,-0.057249,-0.12848,0.065091,-0.014259,0.25704,-0.018184,0.40677,-0.057254,-0.55932,-0.43797,0.00047848,-0.263,0.12007,0.086318,0.015032,-0.042225,-0.24237,-0.34819,0.029298,0.29249,0.25571,-0.10397,0.45626,0.13081,0.36987,0.13588,0.33656,0.42289,-0.093293,0.24145,0.073987,0.28599,-0.070573,0.33757,0.33557,0.0093407,0.48272,0.18958,-0.060158,0.014604,-0.32911,0.062484,-0.44705,-0.2762,-0.10561,0.22948,-0.11913,0.45042,-0.50513,0.17345,0.17157,0.070542,0.084869,0.40694,-0.24505,0.61762,0.17088,0.01233,-0.086309,0.46772,0.07345,0.26613,0.54732,-0.10694,0.0042402,0.35115,-0.3088,0.1629,0.47163,-0.14995,0.3403,-0.065332,0.16907,0.48409,0.025542,-0.466316855867151,-0.281556465844527,0.034981256434811,0.965744872860145,-1.10469218958087
468930,0.662,0.36209,-0.19843,0.10565,0.16501,0.35466,0.16948,0.43916,-0.007812,-0.1616,0.050725,-0.10806,0.19472,0.56403,0.36054,0.11893,-0.21219,0.053194,-0.2739,-0.011394,-0.48257,-0.57054,-0.15872,-0.40238,-0.57744,0.78659,-0.019765,0.55712,-0.52494,-0.040505,-0.6386,-0.6885,-0.40474,-0.3102,0.080704,-0.18488,-0.12261,-0.35485,-0.096651,-0.0095335,-0.40398,-0.3586,-0.28184,-0.040437,-0.036735,0.10968,0.3317,-0.23698,-0.56149,-0.6384,-0.3781,-0.52935,0.14112,0.56709,0.2417,0.55947,0.3904,0.097328,0.21904,0.29416,0.38809,0.53145,0.16463,0.47126,-0.088637,0.41288,0.22382,0.16169,0.080591,-0.091434,0.43231,0.37732,-0.37823,0.20035,-0.41059,0.55128,0.19104,0.71897,-0.23907,0.17811,0.42404,0.46115,0.39366,0.14371,0.40238,0.45683,-0.031556,0.68834,0.2411,0.40019,-0.039294,0.73936,-0.46606,-0.28488,0.49327,0.59817,-0.13264,0.61648,0.18467,0.19418,0.49825,-0.5673,0.54159,-0.36047,-0.27145,0.67514,-0.37511,-0.235783663610234,0.786403701097423,-0.569566810229008,-0.411082367386314,-0.947024737526953
469535,-0.020402,-0.545,-0.37674,0.025908,-0.0944,0.36214,-0.45501,0.22918,0.29531,0.05568,0.078334,0.054103,-0.16182,0.63937,0.58607,0.25273,0.38087,0.21839,-0.1433,0.25995,-0.074477,0.53317,0.1983,-0.18343,-0.23272,0.49795,-0.16488,-0.42492,0.40546,0.26514,0.10468,0.58183,-0.17764,0.35653,-0.0053773,0.4239,0.13816,-0.34947,0.24003,-0.078883,0.18504,-0.5091,0.22817,-0.0013333,0.40779,0.10444,0.69404,0.18081,-0.080034,0.4295,-0.090559,0.13621,0.18814,0.46124,0.061467,0.017958,0.51431,0.050269,0.2329,0.5039,0.20622,0.61036,0.36858,0.52874,0.32968,-0.21704,0.21116,-0.25259,0.023121,-0.12987,0.18948,0.27176,0.080732,0.11696,0.037227,-0.19454,0.044391,0.30266,-0.027198,0.63379,0.30384,0.55811,-0.28677,0.11499,0.16752,0.17327,0.062696,-0.073394,0.38599,0.15529,-0.1739,0.36291,-0.15992,0.21259,0.2441,0.14953,0.58176,-0.34811,0.29513,0.39755,0.60305,-0.51942,0.01059,0.15566,0.30933,-0.16775,0.24877,-0.180681785124691,-0.639081691178892,-0.290199459319365,0.879838222543256,-0.915953717384536
472665,0.46828,0.072178,-0.2101,-0.089635,-0.2088,-0.14738,-0.07324,0.50575,0.45011,0.37697,-0.53359,-0.07288,0.14187,0.93928,0.39498,-0.19084,-0.37648,-0.29274,-0.89139,-0.41694,0.17359,0.19438,-0.68144,-0.26333,0.81899,0.2409,-0.22382,0.26179,-0.6609,-0.3448,0.064602,0.13879,-0.57002,-0.32602,-0.26309,0.71703,-0.34113,0.13125,-0.063892,0.24574,-0.50122,-0.34803,0.036044,-0.23704,-0.047294,-0.12751,0.18407,0.084493,-0.26386,-0.020397,0.18262,0.17765,-0.2413,0.11974,0.23109,0.13042,0.61363,0.42917,0.22225,0.6737,0.57921,0.62201,0.26969,0.14911,0.32204,-0.44755,0.16657,-0.2709,-0.24275,-0.072547,-0.0019437,-0.029218,-0.637,0.1831,-0.13412,-0.16072,0.18493,-0.8351,-0.083295,0.4529,-0.45314,0.69623,-0.75268,-0.099782,-0.17894,0.10523,0.12795,0.47285,0.32353,0.20226,0.10078,0.66315,-0.5194,-0.20514,0.472,0.20436,-0.069634,0.29313,-0.014743,0.22111,0.7909,-0.58452,0.28758,0.12918,0.30611,-0.37338,0.41706,0.469879241643303,0.955614301877518,-0.29958268963087,1.49196588900604,0.564047222471384
474861,0.087377,-0.0078353,0.063572,-0.25123,-0.22552,-0.229,-0.14635,0.17024,0.45524,0.024335,0.19223,0.27492,0.10184,0.31034,0.36223,0.23507,-0.13427,-0.069704,-0.04434,0.052861,-0.27703,0.065956,0.19653,-0.078311,-0.30065,0.62182,0.12776,0.47825,0.12561,0.50124,-0.10898,0.31603,-0.17523,-0.011446,0.25855,-0.12145,0.45943,-0.11642,-0.23598,-0.031663,-0.069001,-0.3149,0.24352,-0.26569,0.17563,-0.35879,0.58332,0.20214,-0.19739,0.22347,-0.28123,0.35698,-0.10476,0.61032,0.45521,0.61144,0.50215,-0.10205,0.65608,0.31381,0.02559,0.59624,0.52012,0.049542,-0.057124,0.26544,0.42471,0.285,0.12666,0.0896,-0.00010197,-0.41036,-0.25287,-0.22841,-0.006875,0.29225,-0.21149,-0.16389,-0.49482,0.45611,0.045787,-0.25411,0.29674,0.20373,0.36721,0.38803,-0.19663,0.45856,0.57804,0.35156,-0.13039,0.56476,-0.32371,-0.20285,0.36546,0.18244,-0.093476,-0.16421,0.13748,-0.23839,0.12329,0.036849,0.23953,-0.31672,0.2389,0.33154,0.39549,0.148201310030952,1.39758458833892,-0.204327743658439,-1.41052284557279,0.593690637889946
479741,0.50951,0.35205,0.27106,0.055537,0.10931,0.18431,0.048647,0.55879,0.69594,0.21277,0.19408,0.11985,-0.073019,0.26682,0.013154,0.51835,0.25396,0.41497,0.082703,0.14463,-0.026482,0.11981,-0.25647,-0.065398,-0.064369,0.39018,0.36324,-0.54385,0.58192,0.33534,0.22018,0.01113,-0.17876,0.58097,0.28916,0.12156,0.53615,0.40959,0.4403,-0.024034,-0.52297,0.1237,-0.23857,-0.0023946,0.30473,0.32889,0.40465,0.32061,0.19526,0.029838,-0.058698,0.11288,-0.082961,-0.032297,0.45606,0.014559,0.31832,0.45869,-0.11054,0.41351,0.22564,0.45759,0.67969,0.095996,-0.057159,0.52463,0.041256,0.096019,0.15497,-0.023146,-0.22727,0.046243,-0.21887,-0.070334,0.23783,-0.096859,0.13946,0.63162,0.099722,0.32496,-0.4511,0.17894,0.28173,0.23376,0.10807,-0.086681,-0.39926,0.33378,0.35429,-0.24047,-0.42805,0.47984,0.17928,0.29755,0.3621,0.097126,-0.41492,-0.024685,-0.13568,0.17584,0.50455,0.065454,0.30188,-0.011133,0.58617,0.34291,0.22798,-0.145274974740739,0.709993273627389,0.877521559775597,0.529046070354978,0.126972785080704
495307,0.38697,-0.22102,0.33349,0.41221,0.29977,0.27829,-0.007139,0.094436,0.50428,0.21193,0.26292,0.26095,0.45074,0.49175,0.35273,0.40695,0.42135,0.64064,-0.045904,0.36831,0.12215,0.3146,-0.17544,0.38888,-0.066544,-0.46879,0.30383,0.12113,0.25798,0.38499,0.0036329,0.03034,-0.64354,0.26432,0.33303,0.2459,0.18288,0.038745,0.18068,-0.088375,-0.21386,-0.076326,0.15944,0.031195,0.29458,0.0096743,0.36599,-0.047832,-0.0072594,0.51329,0.69243,0.41851,-0.034477,0.070666,0.75744,0.29831,0.59475,0.38511,0.28217,0.67053,0.3987,0.4392,0.68356,0.15457,0.06846,0.15334,0.55422,0.2847,0.17277,0.27929,0.17262,0.2105,-0.057135,0.28721,-0.010835,0.40773,0.1531,0.68403,-0.28335,0.32616,0.13121,0.028297,-0.45877,0.24538,0.38646,-0.05596,-0.031291,0.27332,0.14468,0.51178,0.18495,0.38299,-0.17535,0.053045,0.57478,0.21584,0.084193,0.21578,0.19465,0.11401,0.24828,-0.021263,0.088773,-0.54281,0.39044,0.054373,-0.33266,0.451699650744544,-0.727853212407117,-1.41245681430372,0.0811464782785638,-0.988205088708852
508321,0.49575,0.21565,0.088259,0.25438,0.40562,0.47434,0.16076,0.41553,0.42398,0.50293,0.52861,0.41365,0.43684,0.66578,0.66781,0.47523,-0.049199,0.31768,0.2426,0.068669,0.16489,0.34458,0.2586,0.21323,0.14963,0.85718,0.26167,0.063085,0.48995,0.34375,0.22923,0.55604,-0.10124,0.24049,0.39423,0.038047,0.40188,0.29007,0.31641,0.12177,0.013486,0.18053,0.51656,0.21065,0.37403,0.072754,0.72719,0.33291,0.26693,0.6421,-0.052302,0.71911,-0.16494,0.54555,0.57728,0.43832,0.78301,0.57757,0.54625,0.61295,0.5438,0.40862,0.805,0.49872,0.082654,0.37913,0.55018,0.64449,0.29729,0.29741,0.21033,0.22131,0.15207,-0.074901,0.070827,0.12778,0.34557,0.24372,0.39167,0.47169,0.45692,0.064061,0.1385,0.65352,0.62986,0.67102,0.13628,0.60736,0.24048,0.56038,0.19568,0.68218,0.27501,0.36366,0.55001,0.60876,-0.039371,0.41467,0.29843,0.25064,0.27302,0.037237,0.57301,-0.067761,0.10727,0.29593,0.5157,-2.03158733575564,-0.582880474682871,-2.39648266350282,-0.714338225918808,-0.300551993565489
522766,-0.17485,-0.36677,-0.2956,0.31175,0.51344,-0.017505,0.12973,0.56809,0.47644,-0.38383,-0.010007,0.30551,0.056887,0.71374,0.55419,0.46781,-0.29278,0.11939,-0.45592,-0.50423,-0.20639,-0.24311,-0.32251,-0.53243,0.20476,0.39389,-0.028654,0.54016,-0.43028,-0.39351,-0.043643,-0.053849,-0.38619,-0.40574,-0.018685,-0.46421,-0.5503,-0.17336,-0.069663,0.17677,-0.1712,-0.55078,-0.2996,-0.68954,-0.48286,0.11324,0.28916,-0.25604,-0.2547,0.14846,-0.16652,0.32566,0.093599,0.12481,-0.11323,-0.14744,0.4616,0.16424,0.20026,0.55179,0.56218,0.69153,0.5024,0.42471,-0.13967,-0.16567,0.32087,-0.0044504,-0.21399,-0.3451,-0.24693,-0.11335,0.031709,-0.038356,-0.050713,0.48315,0.078802,0.15608,0.024619,0.39501,0.048181,0.66961,-0.24415,0.36294,0.45233,0.55713,-0.33375,0.50493,-0.052007,0.3413,-0.018933,0.50626,-0.37355,-0.060125,0.36461,-0.13494,-0.19444,0.096644,-0.46106,-0.68154,0.025953,-0.31789,0.2162,-0.26609,-0.1264,-0.059722,0.43588,0.448463496771604,-0.343490744332437,0.287729391715054,0.224179339971131,1.45823941135946
529803,0.20816,-0.1145,-0.094457,0.43011,0.304,-0.26008,0.16691,0.73008,0.48528,0.41168,0.16571,0.058457,-0.056993,0.75242,-0.042747,0.63061,-0.27332,0.11159,0.014858,-0.010142,0.024676,0.12301,0.08207,0.05644,-0.2404,0.57667,0.26899,0.16164,0.2642,0.14128,-0.10316,0.12835,0.2716,-0.066392,0.21943,0.033839,0.16049,-0.35552,0.21529,-0.1497,-0.55137,-0.57728,-0.15039,-0.16409,-0.063985,0.037136,0.2691,0.052987,-0.10031,0.013243,0.16503,0.23251,-0.20749,0.23388,0.18983,-0.054418,0.47415,-0.6473,0.13154,0.67703,0.43711,0.46812,0.39867,0.50762,0.1967,0.078853,0.48213,0.1387,-0.22741,-0.071788,0.37297,0.22348,0.036753,-0.064075,-0.10709,-0.066975,-0.29772,0.0056155,0.2633,0.22508,0.051629,-0.065449,-0.37767,0.23831,0.53632,0.49371,-0.46711,0.54815,0.38223,0.14842,-0.40809,0.27943,-0.013138,-0.56428,0.30868,0.010743,-0.45277,0.18563,-0.03622,0.10508,0.74874,-0.43419,0.36238,0.26046,0.063769,0.070699,0.4371,1.49904642283055,0.0313305318697006,-0.385663962903802,-0.462359819213432,0.901508798785473
537342,0.2341,-0.19131,-0.072033,-0.10497,0.20187,-0.20773,0.35944,0.48828,0.70845,0.52125,0.053987,0.44257,0.56359,0.66724,0.53304,0.51811,0.15148,0.49586,0.317,0.30088,-0.075562,0.23499,0.25615,0.46299,-0.19988,0.62178,0.56239,0.79412,0.35478,0.56058,-0.41319,0.14654,0.074815,0.39249,0.59149,0.7985,0.59109,-0.21556,0.4878,0.68475,0.39873,-0.064077,0.33771,0.14238,-0.064919,0.32788,0.37844,0.14107,-0.32032,0.13478,0.32376,0.32241,0.14867,0.49092,0.73691,0.22246,0.79109,0.54971,0.38829,0.48781,0.75225,0.56252,0.85264,0.032702,-0.08514,0.17997,0.7005,-0.015794,0.15361,0.19902,0.04884,0.29529,0.043999,-0.21889,0.26925,0.22025,0.44638,0.51181,0.11613,0.57392,0.23873,0.25842,0.13274,-0.17373,0.41982,0.13691,-0.023765,0.17825,0.29609,0.49681,0.10513,0.53862,-0.40482,-0.051377,0.22931,0.29163,0.14603,0.48421,0.046259,0.62761,0.17852,0.12906,0.14491,0.11182,0.3306,-0.0052049,0.56718,1.0488665230005,0.0804013587813099,0.534808961647321,0.663219354466472,-1.63852307758693
542571,0.21589,-0.34962,-0.53276,0.28645,-0.26886,0.10604,-0.025345,-0.079952,0.221,0.50822,0.20401,0.46095,-0.032799,0.75031,0.072574,0.31382,-0.32469,0.42838,0.60141,0.068314,-0.34166,-0.22796,0.62415,-0.21341,-0.35138,0.47121,0.25608,0.17229,0.66867,0.24137,-0.29797,0.23993,0.60242,-0.37701,0.00062001,0.43607,0.26803,-0.47001,-0.17686,-0.29631,-0.35088,0.26784,-0.2518,-0.32992,0.031315,0.36527,0.74555,-0.042468,-0.44907,0.43599,0.18792,0.42489,-0.46491,0.33132,0.37779,-0.0022251,0.66055,-0.52228,0.19421,0.27567,-0.023206,-0.29641,0.40824,0.4685,-0.036544,0.0014117,0.37578,0.21965,-0.26825,-0.17955,-0.12601,0.20256,-0.27006,0.059976,-0.62455,-0.39525,-0.025927,-0.087381,-0.44278,0.27964,0.21834,0.64346,-0.044831,0.16582,0.42632,0.48934,-0.50571,0.039988,0.19094,0.30449,-0.17343,0.15074,-0.28186,-0.015676,0.66493,0.59042,-0.50638,0.36706,-0.029046,0.022819,0.18046,-0.054311,0.68023,-0.16582,-0.15702,0.27406,0.15623,-0.361397839911071,0.81010468533638,-0.478106542908915,-1.05101404881719,-0.680537454839732
558698,0.44821,0.10078,0.19392,-0.0033656,0.18724,0.0711,0.19308,0.60145,0.52317,0.043213,0.3702,0.3007,0.1366,0.25388,-0.16271,0.11128,-0.053774,-0.01261,0.13787,0.064228,0.099974,0.047395,-0.0038947,0.060805,0.21031,0.75618,0.40513,0.26297,0.29663,0.33627,0.54328,0.30307,-0.14103,0.14909,0.30091,-0.21844,0.36891,0.44454,0.4691,0.13406,0.26487,-0.092385,-0.064999,-0.071472,-0.0035009,-0.31552,0.75408,0.45369,0.44023,0.32342,0.13229,0.41731,-0.22084,0.52454,0.34058,-0.16422,0.0032621,0.47986,0.29563,0.49031,0.20333,0.64393,0.49781,-0.24724,-0.50938,0.26606,0.075772,0.2837,0.077619,-0.1541,-0.020423,-0.21542,-0.18481,-0.28144,-0.092777,0.16504,0.14803,0.4637,0.3152,0.66948,-0.2252,0.40291,0.24918,0.31049,0.13377,0.12459,-0.40453,0.038964,0.26707,0.15963,-0.13802,0.2533,0.1462,0.39143,0.24937,0.40641,0.1323,0.10199,-0.019891,-0.067807,0.38572,-0.15237,0.53479,-0.062327,0.42757,-0.16152,0.71593,1.62194596565335,1.4963192820069,0.293670557067197,2.05806834789359,2.18075712798098
559296,0.070672,-0.21539,-0.22933,-0.054225,0.20915,-0.26716,-0.30612,0.15393,0.19372,0.11407,0.022306,0.052874,0.087327,0.61161,-0.32395,0.49844,-0.36982,0.05604,0.24822,-0.48538,-0.54372,-0.28895,0.23593,-0.0033348,-0.29494,0.66492,0.29429,0.67272,0.011655,-0.14712,-0.34966,0.079968,0.14856,-0.24764,0.098813,0.28343,-0.38745,-0.49379,0.093438,0.21664,0.0095575,0.049582,0.043092,-0.20469,0.26892,-0.31222,0.602,-0.12948,-0.39213,0.097405,0.35958,0.4653,0.32553,0.36461,0.12112,-0.0020076,0.0827,-0.062294,0.20391,0.37939,0.098309,0.034653,0.63826,0.3965,-0.62432,0.39602,0.49647,0.04363,0.1785,0.086924,-0.15147,0.068435,-0.33694,-0.093801,-0.071089,0.35085,-0.031535,-0.00037859,-0.018566,-0.35351,-0.44884,0.0054469,-0.29668,0.59171,0.59775,0.32444,-0.58107,0.69597,0.52653,0.17181,-0.40441,0.58258,0.36564,-0.43472,0.57463,0.042737,-0.17363,0.28465,-0.062844,0.089449,0.32629,-0.32661,0.37525,0.12046,-0.25062,0.15073,0.17257,-0.298393392043954,1.60045831532015,-0.378764175830185,0.464430773679751,-0.112827176770386
570576,0.56762,0.22898,0.23806,0.24857,0.07817,0.376,0.016211,0.29535,0.18761,0.45051,-0.36801,0.29697,-0.31318,0.21756,0.5247,0.20696,0.059943,0.22842,-0.10374,-0.22473,-0.53519,-0.17052,-0.049204,-0.13244,0.030614,0.66441,0.25432,0.17142,0.71902,0.10921,-0.082715,-0.47536,-0.53767,0.40179,0.30762,0.14246,0.12143,-0.26091,0.3823,0.059351,-0.5106,-0.40706,-0.37843,0.19581,0.23917,0.25235,0.50929,-0.01302,-0.38279,-0.29548,-0.24483,-0.15394,0.27558,0.5084,0.33428,0.30203,0.62839,0.34407,0.4039,0.41193,0.25595,0.23359,0.57937,0.050844,-0.007088,0.25369,0.41976,-0.18456,0.15627,0.075448,-0.034673,0.16196,-0.19389,-0.27777,0.015622,-0.04963,0.18812,0.70293,-0.2146,0.238,-0.40221,-0.23538,-0.33681,0.27878,0.25192,0.039543,-0.33729,0.51406,-0.045218,-0.12782,-0.15873,0.46915,0.11403,0.10075,-0.060199,0.33383,0.030137,0.077665,0.30783,0.36166,0.30611,-0.36059,0.10361,-0.17688,0.28076,0.46868,0.047258,-0.67491414620974,-1.71579834131956,-0.168238471676765,-0.936104361129725,0.748217039281115
573811,0.33687,-0.10212,-0.053612,0.063214,0.16536,-0.022268,0.17194,0.41299,0.63896,0.19876,-0.17734,0.22633,-0.24171,0.44931,-0.013666,0.37964,0.38174,0.094167,0.43285,0.098949,-0.073911,-0.038958,0.21161,0.0011782,-0.12774,0.22493,-0.12308,-0.014377,0.12802,0.34056,0.11784,0.035548,-0.11621,0.072974,-0.17508,-0.14254,0.43262,0.088047,-0.26536,-0.22264,-0.44389,-0.38551,0.052626,0.052643,0.097848,-0.003231,0.23976,0.44114,-0.24598,0.19167,0.032939,0.085613,0.27062,0.34293,0.24225,0.0074153,0.51852,-0.072541,0.086491,0.17939,0.41401,0.51221,0.15395,0.31686,-0.050407,0.26454,0.31697,-0.22799,0.33666,0.37902,0.09076,-0.00021607,0.031575,0.031693,-0.33594,0.12911,0.18077,0.19628,0.098453,0.24228,-0.13158,0.33749,0.085339,-0.075221,0.13902,0.48713,0.032202,0.47159,0.11961,0.051737,-0.32933,0.30076,0.099014,-0.17794,0.16031,0.39374,-0.081377,0.25896,-0.18104,0.41525,0.70582,0.049302,0.44527,-0.021541,0.44001,0.52957,0.055745,-1.29698106562425,-0.181275540574349,-0.632525613707519,-1.82210526648003,0.242004257580336
581828,0.070919,-0.011755,0.0046201,0.31817,0.16982,0.088479,0.13069,0.23817,0.45305,0.11511,-0.36424,-0.31261,-0.030088,0.6581,0.38178,0.079329,0.36044,-0.33647,-0.42679,-0.029169,-0.14155,-0.20319,-0.46923,0.18687,0.1631,0.86482,-0.20856,-0.46219,0.40123,0.015342,-0.0019065,-0.5354,-0.4621,0.42163,-0.20291,-0.024049,0.032442,-0.055403,0.088483,-0.11753,-0.29909,-0.31704,-0.32919,-0.1339,0.086071,0.0318,0.33727,0.082686,-0.0745,-0.35117,-0.40914,-0.40771,0.029363,0.6823,0.27473,0.092826,0.17915,-0.042757,0.19701,0.24022,-0.4678,0.23639,0.0048203,0.55459,-0.16707,0.23163,0.28391,-0.058012,0.033207,-0.30603,0.18213,0.047502,-0.4044,-0.024596,-0.18428,-0.051812,-0.1437,0.12241,-0.31574,0.36336,-0.48008,-0.040421,-0.080787,-0.058719,0.036061,0.085624,-0.41727,0.24536,0.28796,0.29782,-0.53731,0.20303,-0.0092228,-0.16,0.067556,0.030906,-0.15167,-0.15491,-0.10136,0.34705,0.43237,-0.18955,0.092175,-0.11173,0.041255,0.12401,-0.15311,0.438709359201594,1.56669059564509,1.64386611029038,1.52108589488411,0.510576499718437
582211,0.59327,-0.089519,-0.081344,0.00029167,0.23866,-0.0052106,-0.099804,0.34155,0.33348,0.53092,0.3162,0.65591,0.24073,0.70557,0.49079,0.57099,0.16654,0.58092,-0.31789,0.023593,-0.33454,-0.20567,-0.47792,-0.33885,-0.4484,0.33177,0.27207,0.83446,-0.41798,-0.26613,-0.43524,-0.54908,-0.74089,-0.086937,0.39227,-0.28475,-0.15984,-0.45937,0.37669,0.13275,0.26571,-0.076145,0.34926,-0.082226,0.23589,-0.16618,0.70134,0.31409,-0.10366,0.19493,0.014938,0.18573,0.046643,0.1374,0.046294,0.28225,0.74074,0.41814,0.30087,0.62587,0.74661,0.83182,0.41675,0.65409,0.12358,0.52355,0.35853,0.12339,0.013178,0.41936,0.25363,0.43028,-0.42506,0.18605,-0.3126,0.54674,-0.14041,0.44467,-0.44045,0.47344,0.52614,0.70161,0.59113,0.1328,0.24278,0.35857,-0.017784,-0.11599,-0.079001,-0.12049,-0.042289,0.64004,-0.16484,0.051736,0.56046,0.60905,0.19749,0.56102,0.23279,0.4448,0.13932,-0.37077,0.39598,-0.30799,0.23632,0.72102,0.27077,0.38258284633195,1.28877027826514,0.0140680376771755,0.407391921482387,1.50315171185033
597203,-0.2539,-0.5012,-0.41127,-0.28755,0.19328,-0.71527,0.53452,0.77153,0.48907,0.13954,-0.58625,0.52036,0.1419,0.75378,0.40318,0.54598,0.10372,0.035847,0.10323,-0.34106,-0.46103,-0.38718,0.17671,-0.25614,-0.16303,0.71872,0.11381,0.441,-0.29381,-0.35644,-0.5726,-0.56556,0.22136,0.097648,-0.1595,0.32902,-0.4124,-0.25222,0.4987,0.09051,-0.51684,-0.66721,-0.58787,-0.60635,-0.414,0.023805,0.46099,-0.28034,-0.62768,-0.51853,0.017014,0.39963,0.12067,0.51257,0.03256,-0.16794,0.32399,0.45283,0.19845,0.57988,0.04444,-0.040003,0.02211,-0.34438,-0.067752,0.28897,0.4431,-0.29601,-0.48595,-0.17266,0.13703,0.11964,-0.0068771,0.068723,0.1007,0.38477,-0.57939,0.3363,-0.0050654,0.045029,0.56639,0.31079,-0.01757,0.3322,0.12642,-0.18548,-0.15434,0.35398,-0.081664,-0.092783,0.089325,0.81767,-0.67453,-0.46441,0.62183,-0.5289,-0.20048,0.064414,-0.57358,-0.50098,0.21799,-0.25269,-0.21806,-0.35275,0.067352,-0.22577,0.33971,-0.976362536428992,-0.481596894731627,0.971237913879744,-1.6065073218564,-0.981899767788851
609291,0.24367,0.38087,0.31177,0.31156,-0.034885,0.55445,0.29531,0.63991,0.43328,0.56263,0.55028,0.69311,0.47713,0.93792,0.91059,0.065907,0.13664,-0.54838,-0.86137,-0.62297,-0.81003,-0.59445,-0.83472,-0.43051,-0.52256,-0.6298,-0.61879,0.71975,0.91039,-0.69084,-0.85407,-0.68066,-0.89644,0.18536,-0.55536,-0.76258,-0.60093,-0.82826,0.11975,-0.76122,0.015184,-0.84091,-0.66929,0.39675,-0.038001,-0.65673,0.40718,0.58263,0.56449,0.74248,0.67653,0.72777,0.3686,-0.10309,0.08171,-0.13266,0.024016,0.071351,0.20982,0.4607,0.10463,0.29042,0.22943,0.36082,0.075739,0.082456,0.72846,0.81492,0.25577,0.26785,0.78832,0.7437,-0.58043,-0.039703,-0.66989,0.37689,-0.085368,0.66262,-0.20082,-0.52298,-0.59844,-0.74925,-0.37494,0.65527,0.72481,0.46733,0.43166,0.24415,0.49467,0.37323,0.13759,0.83467,-0.7517,-0.011244,0.22891,0.56788,0.59314,0.33032,0.23781,0.35003,-0.10914,-0.33124,0.1949,-0.67189,0.642,0.20508,0.042349,0.968951858301953,1.03950187463615,-0.643818705758926,-1.38839116984306,3.25922001881351
617191,0.093568,-0.075218,-0.36534,0.028004,-0.034458,0.40819,0.15042,0.74333,0.36746,0.35778,-0.47755,-0.030407,0.16827,0.43314,0.15027,0.20387,-0.016662,0.015058,0.17715,-0.0082401,-0.44775,0.16402,-0.25305,0.25396,0.25004,0.44709,0.22498,-0.26923,-0.098767,0.33494,-0.20699,0.064869,-0.17688,0.35346,-0.25292,-0.14516,0.18886,-0.08874,-0.25984,-0.088054,-0.31201,-0.34311,0.15043,-0.19543,-0.14892,0.087015,0.66127,0.24599,-0.60403,0.31914,-0.35025,-0.14624,0.3082,0.28921,0.27051,0.39382,-0.16171,0.34923,0.40586,0.63741,0.32476,0.41042,0.34989,0.25456,-0.26446,0.41958,0.56315,-0.10797,-0.21982,0.30079,-0.25243,0.098025,0.22752,-0.42079,0.44464,-0.42942,0.23274,0.043689,0.4529,0.11995,-0.11213,0.27793,0.58295,-0.11782,-0.045559,0.050214,0.18527,-0.042035,0.13876,0.14849,-0.21001,0.051887,-0.0086487,-0.057483,-0.039017,-0.18471,0.36699,-0.2551,-0.34027,0.29267,0.77867,-0.69902,0.54331,-0.037199,-0.51797,0.38568,-0.62866,1.77855550250479,0.605752738272941,0.404560817359671,0.53719480643422,0.00250374843071675
641748,0.197,0.084582,-0.0153,0.40442,0.13913,0.041086,-0.010981,0.2514,0.057134,0.32789,-0.11657,0.50458,0.29664,0.086189,0.097394,0.053704,-0.27972,-0.071594,0.0044812,-0.15122,0.080904,0.14288,0.088993,-0.27996,0.081406,0.39851,-0.25732,0.1733,-0.18509,0.056681,-0.13016,-0.089691,0.19057,-0.05939,-0.28776,-0.080736,0.25389,-0.38618,0.020465,0.12991,-0.42253,-0.56429,-0.20662,-0.16036,-0.032682,-0.081243,0.42599,0.28502,-0.20069,-0.0098986,0.24519,0.48323,0.14092,0.032353,0.36995,-0.1382,0.39591,-0.12875,-0.10727,0.5788,0.34798,-0.21579,0.14064,0.2327,0.072054,0.14386,0.39419,0.21274,0.2423,0.36047,-0.068924,0.10193,-0.1279,-0.14839,0.10689,-0.099446,-0.34899,0.26983,-0.030991,0.16573,-0.1997,-0.05314,-0.21964,-0.22342,-0.027306,0.044904,-0.24432,0.4545,0.30496,-0.086748,-0.34446,0.56005,-0.55142,0.16202,0.43205,0.028023,-0.18394,0.23955,0.11656,0.25989,-0.086399,0.4804,0.12064,-0.16628,0.030527,0.13377,0.094974,1.63077840948597,0.925785582735215,-0.0355310219891713,1.50291627380151,-0.20304170680457
702920,0.34683,0.022715,0.096774,-0.13476,0.094722,0.053193,-0.21978,0.4317,0.55755,0.33436,-0.0851,0.48931,-0.45686,0.012094,0.48587,0.53819,0.30489,0.19061,0.47482,0.35961,-0.26303,-0.18524,0.21388,0.15961,0.24473,0.48833,-0.068702,-0.28617,0.44407,-0.019864,-0.18311,-0.56025,0.16618,0.19492,0.021155,0.43127,-0.11672,-0.34951,0.10386,0.26928,-0.61372,-0.52338,-0.41382,-0.41747,0.0094493,-0.28764,0.26352,0.10726,-0.33903,-0.36673,0.18673,0.13782,-0.056515,0.24054,0.21983,-0.42116,-0.055398,0.0394,-0.26367,0.68304,0.40402,0.74458,0.55108,0.19306,-0.084899,0.1259,0.54567,0.035747,-0.085504,0.10686,-0.3052,-0.47369,-0.014208,0.034165,0.29276,-0.0057859,-0.23863,0.64356,0.26886,0.40347,-0.56729,0.44409,-0.038807,0.10471,-0.017636,0.29037,-0.30646,0.39066,0.012592,-0.06044,0.25728,0.58138,-0.38873,-0.089488,0.057649,0.17007,-0.14769,0.17115,0.15983,0.53554,0.58012,-0.065083,0.071121,-0.22154,0.19306,0.27876,-0.053528,-0.809770483751604,0.582351623008486,-0.557052844076948,-1.76730727318419,0.0484681367550923
712549,0.13706,-0.16022,0.34966,-0.046245,0.32432,0.0073536,-0.025223,0.51156,0.49962,0.40314,-0.0492,0.22552,-0.3051,0.80259,0.18092,0.15285,-0.18513,0.35973,0.09127,-0.1867,-0.08405,-0.096981,-0.22404,0.16025,-0.021544,0.39986,0.27096,0.29978,0.44947,-0.039006,0.047405,0.1161,-0.094951,0.27571,0.45753,-0.017845,0.16889,-0.07138,0.38737,0.11069,-0.39872,-0.38229,0.12939,-0.26966,0.0098937,-0.13486,0.34081,0.02726,-0.094035,0.086506,0.058865,0.2881,-0.28123,-0.030456,0.36555,-0.038724,0.41522,-0.033304,-0.073611,0.45823,0.33427,0.41653,0.55819,0.012813,0.023286,0.27564,0.067428,-0.47345,0.032059,-0.19587,0.083905,0.1284,-0.19816,0.28979,0.06498,0.14747,0.039699,0.26955,0.017431,0.16508,0.20699,-0.025279,0.043051,-0.052749,0.36736,0.17695,0.011424,0.66579,0.6057,-0.3734,-0.39934,0.25857,-0.16431,-0.35761,0.57666,0.075195,-0.29459,0.52981,-0.035664,0.051598,0.54603,0.036904,0.19965,-0.020451,0.12786,-0.19247,-0.11078,2.28312760391164,-0.155265256088457,1.58587343856644,0.806092667726444,-0.376343152037401
737494,0.47043,-0.078098,-0.097881,-0.14975,0.044311,0.030928,-0.018035,0.46379,0.46074,0.040007,0.16429,0.41483,0.35794,0.28101,0.50092,0.19779,0.27853,0.14685,0.074251,0.083903,-0.17649,0.05978,0.081685,0.10095,0.10252,0.56967,0.54391,0.41768,0.12643,0.36638,0.24142,0.22744,0.19256,0.076114,0.46348,0.2151,0.16473,0.050426,-0.14764,0.18968,-0.11968,-0.1019,0.24963,0.057485,0.1084,-0.13099,0.48115,0.015542,-0.11838,0.28726,-0.11438,0.44848,-0.096304,0.23688,0.23304,0.41281,0.26107,0.075645,0.52374,0.54516,0.44226,0.48726,0.50104,0.23883,0.2494,0.11252,0.48396,0.24431,-0.10212,0.23709,-0.21422,-0.084764,0.037357,-0.093562,0.14498,0.29201,-0.10606,-0.52665,-0.43409,0.30164,-0.42185,0.25511,0.040073,0.39575,0.088384,0.11912,-0.074402,0.39323,-0.013163,-0.10958,-0.11836,0.38302,0.045536,0.0063882,0.3284,0.28747,0.082514,0.18844,0.048086,0.011305,0.3604,0.44177,0.42558,0.13576,0.3998,0.12814,0.66253,-0.6499207025704,2.4733248609767,-0.842180756877647,-1.50317427570538,0.0613462042696682
752943,0.31965,0.010361,0.17135,-0.11773,0.075859,-0.0068479,-0.076296,0.51141,0.31051,-0.41818,-0.44867,0.1228,0.0051127,0.67624,0.73523,0.71595,-0.2847,-0.048127,-0.55119,0.12952,-0.45591,-0.38713,-0.39054,-0.59981,0.18308,0.44783,0.058611,0.55657,-0.68726,0.43073,-0.41893,-0.62963,-0.27477,-0.13651,0.12147,-0.45723,0.40181,-0.41073,-0.31568,-0.45501,-0.52656,-0.51155,-0.35192,-0.17786,0.19627,0.23552,0.80218,0.29253,-0.46632,0.038723,-0.0075544,0.077289,-0.017962,0.51613,0.30956,0.12905,0.43026,0.39632,0.46353,0.35731,0.64687,0.20528,0.057036,0.45087,-0.041955,0.30589,0.327,-0.18422,-0.026914,0.038951,0.52303,0.09349,0.082069,-0.42597,-0.017921,0.28693,0.11021,-0.17379,-0.48711,-0.095552,0.58588,0.50575,-0.29253,-0.17447,-0.1746,-0.39213,0.34548,-0.11226,-0.061162,0.38677,-0.034952,0.41261,-0.1941,-0.16335,0.38706,-0.38074,-0.42114,-0.24436,0.24507,0.42412,-0.3708,-0.09475,-0.15438,0.39256,-0.1323,-0.29174,0.30302,0.367928461288273,-0.920142388970503,0.115988105390319,1.0941814932142,-0.647623279299494
767901,0.49235,0.25519,0.20364,-0.035031,0.085226,-0.051849,0.14854,0.39628,0.67306,0.43339,0.16026,0.57517,0.62533,0.031755,0.18375,0.07745,-0.003466,0.13929,0.084694,-0.1452,0.22895,0.3605,0.1173,0.23126,-0.26824,0.53048,0.43676,0.072146,0.38106,0.24205,0.012583,0.46352,0.33918,0.0055189,0.12523,0.0067983,0.054714,0.1048,-0.05909,-0.13768,-0.32288,0.089855,0.44887,0.029669,-0.021215,0.29137,0.56365,0.3137,0.11591,0.29838,0.12254,0.069447,0.32043,0.11803,0.57507,0.23195,0.83589,0.48021,0.060071,0.7957,0.69239,0.66943,0.62933,0.22631,0.082343,0.32375,0.18035,-0.09661,-0.017859,0.24189,-0.010286,0.032169,-0.63656,-0.4023,-0.26043,0.33838,-0.1134,0.14153,0.31709,0.70674,0.22077,0.11312,0.095882,-0.11054,0.27485,0.27399,0.065663,0.3054,-0.010004,-0.096318,-0.13644,0.30305,-0.057037,0.010275,0.097903,0.5888,0.34998,0.40533,0.058621,0.41449,0.30089,0.31647,0.17284,-0.074373,0.33105,0.041583,0.36984,-1.82046356834886,-0.875657702509131,-0.508230935403636,0.210968014776341,0.675649401066209
774591,0.40011,0.34595,-0.12851,0.053678,-0.082195,-0.11392,0.087134,0.40345,0.09421,0.22564,-0.1786,0.043987,0.0070828,0.58725,0.24977,0.2642,-0.31972,-0.12623,0.20808,-0.10452,0.39862,-0.23731,0.024357,-0.015094,-0.31712,0.34989,-0.18796,-0.56115,0.59797,-0.077871,0.6078,-0.53733,-0.10079,-0.39285,-0.24655,0.046047,-0.10019,0.46439,-0.049301,0.19006,-0.38619,-0.17784,-0.38964,-0.38835,-0.15363,0.10926,0.11539,-0.25157,0.053993,-0.43281,-0.31363,-0.29716,0.41946,0.22665,-0.079565,-0.24739,0.34139,-0.12293,-0.096229,0.73754,0.37295,0.35168,0.28659,0.2,0.10807,-0.033906,0.12493,-0.28826,-0.32352,0.13841,0.004944,0.11219,-0.049408,0.15382,-0.02494,0.37982,0.02723,0.11201,0.23863,0.14287,-0.64993,-0.2433,-0.71114,0.11792,0.062158,0.41762,0.064655,0.041752,0.62907,0.23763,-0.51221,-0.081235,0.42248,0.071296,0.64923,0.5535,-0.63437,0.64246,0.40183,0.29114,0.59398,-0.31433,0.49496,-0.41475,-0.17813,0.4819,-0.25665,1.59443627084188,-0.305261571993787,-0.798358306858577,1.04729104042263,-1.20035491722777
775909,0.14981,-0.086719,0.06403,-0.22952,0.080088,0.55064,0.11754,0.55518,0.15866,0.66344,0.021982,0.83246,-0.50411,0.62801,0.48811,0.10185,0.57714,0.47108,0.59647,0.39916,-0.016939,0.32956,-0.1172,0.40129,0.71491,0.34319,0.42346,0.064192,0.28617,0.39411,-0.1285,0.077884,0.10703,0.51228,0.61982,0.21397,0.31439,-0.15825,0.19431,-0.092257,-0.37743,-0.39708,0.22256,0.2957,0.088223,-0.36306,0.4995,0.14386,-0.43842,0.20919,-0.055166,0.36168,-0.29871,0.32361,0.1427,0.31552,0.36345,0.31566,0.40055,0.45211,0.71573,0.5584,0.45905,0.39556,-0.44034,0.7759,0.31877,0.14205,0.38651,0.51558,0.32945,0.10976,-0.10248,-0.043065,0.090284,0.49968,-0.093148,0.73649,0.34877,0.59551,0.40354,0.44836,0.53014,0.32995,0.45549,0.18938,-0.47719,0.49632,0.61993,-0.040822,-0.095191,0.30279,-0.19865,-0.097902,0.56087,0.39399,-0.18454,0.3923,0.079222,0.20461,-0.079636,0.27408,0.43593,0.16205,-0.25888,0.50002,0.47326,-0.0108010855618036,1.02359130086879,0.891317863464262,-1.31554842756471,-0.0721264303162431
794470,0.33078,0.21965,0.02674,-0.45292,0.31918,-0.3036,0.032673,0.36029,0.33621,0.043594,-0.27461,0.11375,0.072297,0.55123,0.38561,0.24524,-0.0044261,0.13824,-0.029778,-0.079123,0.072781,-0.24966,-0.091638,-0.1998,0.030818,0.7025,0.081272,-0.046518,0.017724,-0.027829,-0.15935,-0.20898,-0.053778,-0.063792,0.011995,0.16889,-0.19172,-0.22911,-0.020032,-0.10636,-0.66841,-0.35217,-0.33806,-0.22226,0.1563,0.28904,0.19581,0.033312,-0.38486,-0.15508,0.13335,0.063494,-0.10059,-0.089806,0.1582,-0.12107,0.46321,-0.1234,0.11788,0.4003,0.42228,-0.090199,0.52151,-0.13574,-0.23449,0.52468,0.18144,0.079365,0.14636,-0.12873,-0.056573,-0.12499,0.15824,-0.2641,-0.3609,0.33211,-0.09941,0.36202,0.33436,0.058092,-0.25196,-0.16536,-0.44441,0.2254,0.41343,0.14531,-0.29998,0.62781,0.15256,-0.063643,-0.32337,0.34146,0.13219,0.10263,0.42824,0.049408,-0.11538,0.3899,-0.21022,0.0033778,0.587,-0.41912,0.70138,-0.014358,0.24375,-0.082734,0.35863,-0.81842227015788,0.140697177924004,-0.621257414215264,0.587748982395545,1.34100207738242
797181,0.82024,0.58839,0.61237,0.059279,-0.1214,0.53971,0.3703,0.81548,0.87758,0.74643,0.73702,0.80562,0.40309,0.69257,0.81257,0.65569,0.21255,0.79485,0.47131,0.42259,0.67382,0.56059,0.30846,0.51997,-0.0049158,0.73759,0.70726,0.49723,0.71203,0.74536,0.53785,0.61911,-0.046129,0.2303,0.84468,0.15695,0.4726,0.65396,0.36976,-0.065463,0.29871,0.5389,0.56633,0.52542,0.59434,0.27243,0.91521,0.58783,0.51425,0.83483,0.24596,0.54354,0.045854,0.75944,0.69892,0.62059,0.77452,0.76513,0.75974,0.18166,0.64842,0.63977,0.85597,0.32149,0.018007,0.67035,0.29958,0.7758,0.41901,0.6132,0.053843,-0.23303,-0.24147,-0.15217,-0.22275,0.5585,-0.041547,0.68105,0.66294,0.82068,0.6852,0.22902,0.30626,0.22812,0.51146,0.59417,0.16611,0.59351,0.10066,0.2439,0.36897,0.60447,0.18416,0.57754,0.76619,0.48666,0.15552,0.0717,0.807,0.77202,0.20745,0.51015,0.66961,0.14108,0.2731,0.36276,0.6455,-0.120043608679541,-1.77582417533745,1.41524691518861,0.0739538826162246,-0.249364797830172
806111,0.3914,-0.18061,-0.040799,0.48655,0.43645,-0.36881,0.42181,0.61224,0.13173,0.37167,-0.17718,-0.34599,0.3977,0.81147,0.3636,0.6873,-0.2039,0.10082,-0.48112,-0.15347,-0.34533,-0.02372,-0.33787,-0.39398,0.46431,0.54262,0.081532,0.75082,-0.20744,0.12221,-0.015229,0.20482,-0.61645,-0.26947,0.028477,-0.7078,0.21542,-0.030844,-0.43332,-0.47069,-0.59329,-0.31752,0.13557,-0.52485,0.017251,-0.48193,0.55102,-0.10096,-0.13532,0.074766,-0.0028267,0.14328,-0.1093,0.040309,0.21296,-0.44111,0.17662,-0.63344,0.24366,0.77866,0.63838,0.6058,0.30463,0.46463,0.34076,-0.20572,0.48068,0.28315,0.14089,-0.11966,-0.060864,-0.1282,0.55637,0.29174,0.91119,0.20795,0.088808,-0.89063,-0.34526,-0.18614,-0.30128,0.57612,-0.48006,0.48772,0.64525,-0.1577,-0.36779,0.35155,-0.052505,0.030098,0.087253,0.63269,0.039871,0.10536,0.40809,0.44942,-0.39059,0.47985,-0.24303,0.59867,0.63482,-0.56087,-0.0056148,0.75377,0.77884,-0.62358,0.6108,2.72472729857982,-0.30545787797194,1.13681273071056,0.671309089488712,2.18614247255341
818142,0.34978,-0.095989,-0.019623,-0.031079,0.039714,0.099551,-0.23307,-0.14407,0.44264,0.19335,0.075194,0.26644,0.09556,0.68255,0.30974,0.47127,0.23966,0.34362,0.19744,0.13009,0.29095,0.32139,-0.21947,0.46206,0.10851,0.45284,0.13221,-0.35607,0.35972,0.27566,0.1997,0.19603,-0.30141,0.17902,0.063498,0.18853,0.07272,0.26522,-0.26634,-0.014513,-0.065397,-0.0085645,0.30037,0.24316,0.20076,0.14171,0.5782,0.22972,-0.083493,0.017998,-0.17918,0.15285,0.26613,0.18891,0.25794,0.20251,0.40508,-0.07071,0.10969,0.40232,0.61221,-0.020024,0.33394,0.23678,-0.059792,0.29249,0.30111,-0.064643,-0.41035,-0.23101,0.29201,0.21395,0.05826,-0.046606,-0.0591,0.1605,0.17231,0.45822,0.01372,0.054289,0.38556,-0.43267,0.14032,0.020654,-0.26872,0.053518,-0.32761,0.28494,0.004324,0.45869,-0.28794,0.3444,-0.19116,-0.44037,0.24011,-0.062485,-0.091442,0.026126,-0.027205,0.086372,-0.0085947,-0.089332,0.29497,-0.25203,-0.17171,0.19378,0.2697,-0.42467225132849,0.210921133268883,-0.8416385492727,1.45849264339057,-1.10540879430765
823981,0.31477,0.002139,0.12786,0.011281,0.17877,0.041409,-0.026907,0.039163,0.31046,0.55716,0.25106,0.19556,0.39959,0.3161,0.2844,0.3371,0.22451,0.27353,0.55915,0.21705,0.080094,0.061253,0.3013,0.55808,0.36019,0.22883,0.66084,0.20311,0.63439,0.19037,-0.010808,-0.019164,-0.11929,0.20917,0.30862,0.33644,0.37348,0.0096489,-0.061784,0.11826,-0.024631,-0.40653,-0.16675,0.27738,0.044495,0.37404,0.66663,-0.1958,-0.34462,0.24113,0.3987,-0.043359,-0.13976,0.40815,0.081639,-0.060741,0.31326,0.23052,0.25814,0.82308,0.46998,0.48492,0.44853,0.30828,0.04492,-0.45836,0.67032,0.3023,0.27758,-0.12603,0.24764,-0.21859,0.055273,0.18388,0.33638,-0.21449,-0.0987,0.44938,0.15167,0.31125,-0.060589,0.35582,-0.034891,0.29824,-0.094412,0.44003,-0.10013,0.29416,0.43114,-0.17892,-0.099653,0.38901,-0.06975,-0.25393,0.16116,-0.061322,-0.15286,0.049803,0.51521,0.39526,0.017429,-0.57613,-0.51236,-0.068148,0.28566,0.36871,0.48891,0.206442537377964,-0.451624939206315,-0.354034911203545,-0.544733998843667,-0.8689300351456
829335,-0.34314,-0.54701,-0.63085,-0.18946,0.05824,0.6557,0.66513,0.30773,0.20496,0.26175,-0.13686,0.58403,-0.26706,-0.12248,0.50689,-0.10582,-0.36322,0.081214,-0.033646,0.031144,-0.02202,0.22736,0.43869,-0.42019,0.092521,0.4341,-0.71873,-0.60938,0.50506,-0.31074,-0.38603,0.59116,0.0084209,0.35955,-0.75482,-0.12371,-0.20435,-0.45917,-0.14419,-0.17557,-0.44498,-0.53676,0.50803,-0.39914,0.58967,-0.38723,0.63944,0.057532,-0.44816,0.73332,0.35479,0.40945,-0.49488,0.33552,-0.11043,-0.47904,0.78213,-0.017543,-0.13114,-0.1472,0.12932,0.27898,-0.17317,0.3439,-0.42212,0.33744,0.11018,0.56208,-0.52079,0.048724,-0.013586,-0.23333,-0.18317,-0.26438,-0.24298,0.2314,-0.1108,-0.12894,-0.23933,-0.076998,0.64634,0.28918,0.59997,0.22548,0.03136,-0.54736,0.1426,0.31154,-0.35265,-0.35109,0.29007,-0.28037,-0.50352,-0.067189,0.72091,0.60402,-0.65917,0.54731,-0.5677,-0.11124,0.62621,-0.72895,0.52238,0.055286,-0.25567,0.29772,-0.11646,-0.752496625793175,-0.182628042392333,1.48043173576934,-1.15127928869135,-0.524886104128867
835522,-0.013829,-0.061013,-0.24142,0.14688,-0.13295,-0.36984,0.07207,0.42448,0.33106,0.61877,-0.21616,0.21038,-0.087669,-0.0041712,0.032502,0.31175,-0.32461,0.29654,0.60413,-0.11711,-0.3867,-0.079756,0.28608,0.2762,-0.20847,0.33348,0.1237,0.18608,0.31929,-0.12247,-0.074433,-0.15286,0.0052757,-0.016665,0.35109,0.52536,-0.21774,-0.39009,0.38471,0.18892,-0.1949,-0.34084,0.12152,-0.15403,0.26876,0.4757,0.53072,-0.32063,-0.26788,-0.21451,0.12236,0.13314,0.17194,-0.12774,-0.019096,-0.013534,0.37422,0.087619,-0.045492,0.55655,0.25192,0.13632,0.49575,0.041938,0.13011,0.28367,0.55231,-0.47952,0.23427,0.024545,-0.40383,-0.15691,-0.46402,-0.013379,-0.062216,-0.46441,0.21957,0.2743,-0.11975,0.20986,-0.34313,0.25771,-0.33016,0.10745,0.28204,0.22022,-0.15265,0.2175,-0.11533,0.22399,-0.25808,0.39751,-0.046412,0.08989,0.34945,0.14369,0.045507,0.047621,0.34485,-0.068118,0.41306,-0.34263,0.31244,0.18556,-0.079877,0.067187,0.38911,0.458931401607185,1.23237378626855,2.00951322946093,1.54873264623399,0.111728720954242
862050,-0.02063,0.21083,-0.088201,0.081132,0.26125,-0.10932,0.3117,0.23908,0.25183,0.55887,0.02569,0.23798,0.47169,0.71336,0.16805,-0.000556,-0.21671,-0.1997,-0.23106,-0.31703,-0.044145,0.31041,0.037983,0.22021,0.24831,0.58159,0.0049429,0.038147,-0.046525,0.038728,-0.0049919,0.1613,0.29478,-0.045247,-0.13724,0.13792,-0.069981,-0.090443,-0.4105,-0.0029563,-0.27169,-0.26039,0.4641,-0.12381,-0.19011,-0.21752,-0.12377,-0.029894,-0.011802,0.11551,0.48733,0.3783,0.23713,0.5638,0.46332,-0.040436,0.26377,0.15537,-0.22967,0.35368,0.6763,0.29057,0.15887,0.11639,0.39451,-0.035007,0.28062,0.22776,-0.16026,0.28756,0.16385,-0.075217,-0.19946,-0.17243,-0.24916,2.03e-05,-0.22328,0.44678,0.24704,0.39045,-0.0076943,0.12623,-0.18141,0.065786,0.11388,0.22284,0.069817,0.39305,0.41626,-0.036071,-0.29417,-0.00061627,-0.10623,0.063312,0.22709,0.28491,-0.41438,0.47025,0.049482,0.44444,0.34819,0.028015,0.12469,0.22215,0.15986,0.1547,0.33387,1.4888525719021,-0.102934513366415,-1.028775565656,-0.938700283294195,0.804761555940333
867297,0.20275,-0.056662,-0.0015029,0.0010565,0.030589,-0.025397,0.25459,0.12146,0.58923,0.51348,-0.33564,0.089811,-0.074385,0.25022,0.095386,0.40667,0.49445,0.50163,0.54603,0.046754,-0.31818,-0.031754,0.20723,0.41624,-0.25277,0.41398,0.13682,-0.078127,0.39654,0.13123,0.23622,0.0255,0.19371,0.33172,0.18872,0.45919,-0.075077,0.13919,0.039662,-0.044622,-0.22434,0.030591,0.11664,-0.077126,0.012495,0.18349,0.50501,-0.25581,0.11169,0.094962,0.060556,0.47535,0.3972,0.076602,-0.11397,-0.24962,0.024344,0.14467,-0.15435,0.83694,0.53206,0.7483,0.27137,0.57688,0.0051149,-0.12668,0.24682,-0.3636,-0.23021,-0.28471,-0.2356,-0.098141,-0.11763,-0.25628,-0.052385,-0.22819,0.27159,0.10607,0.08029,0.083244,-0.33558,0.12947,-0.15307,0.31628,0.18247,0.30907,0.059272,0.25341,0.40788,0.040725,-0.14568,0.12223,0.14126,0.26909,0.43568,0.14517,-0.022056,-0.0023848,0.51168,-0.057421,0.44414,0.15478,0.15446,-0.064364,0.34663,-0.046302,0.20016,0.448554848073979,1.28716118753083,1.06305194683571,1.60496422843699,0.355921990219686
879556,-0.32301,-0.50267,-0.49128,-0.02785,-0.4345,-0.33833,0.2085,0.37498,0.72965,0.30324,-0.32675,0.032178,-0.076455,0.78339,0.47842,0.66775,0.047477,0.43643,-0.12328,-0.0702,-0.36894,0.32723,-0.0087922,0.1831,0.18295,0.77477,0.2862,-0.10427,0.51838,0.20708,0.017214,0.54113,-0.44799,-0.22658,0.14632,0.26311,0.21422,0.10116,0.11876,0.31174,-0.15047,0.11369,0.47046,-0.2234,0.50848,0.053801,0.58862,0.16163,-0.20819,0.45977,-0.16575,-0.33926,0.10191,0.49057,0.16755,-0.35766,0.76183,-0.10023,-0.034441,0.6708,0.72174,0.49832,0.26825,0.69639,-0.30702,-0.37496,0.74954,-0.41017,0.24362,-0.142,-0.5119,0.067241,-0.39937,0.15287,-0.20372,-0.25342,0.72275,0.2018,-0.58075,0.18745,0.11618,0.25081,-0.061308,0.32944,0.19032,0.2986,-0.14994,-0.26024,0.036218,0.52562,-0.24117,0.28824,-0.15807,0.24145,0.45128,-0.19112,0.08857,0.41607,-0.378,0.08755,0.15817,0.036108,0.10313,-0.52833,-0.31486,-0.28904,0.048094,-0.519111773104657,-0.477485804443744,-0.802123174023185,-2.01341193504092,0.994249460566019
906283,-0.39135,-0.65509,-0.48094,-0.39373,-0.23205,-0.51318,0.47559,0.4654,0.51229,-0.10886,-0.068336,0.54394,-0.43287,0.32435,-0.011277,0.03413,-0.081566,0.2078,0.10124,-0.27639,-0.15213,-0.2193,0.17072,-0.15308,-0.12326,0.33436,0.44012,0.41792,0.61823,0.15797,0.23143,0.38985,0.13703,0.49151,0.43256,0.30864,0.27776,-0.029073,0.35517,0.042961,-0.18833,-0.56055,0.18723,-0.51062,0.48762,-0.48589,0.71572,0.1602,-0.29375,0.40583,0.54747,0.62605,-0.5832,0.022253,0.19102,-0.57079,0.62055,-0.65293,-0.073436,0.63022,0.0070879,0.72004,0.64638,0.36829,-0.58852,0.55991,0.55802,0.16546,0.17794,-0.24963,0.037246,-0.074574,-0.287,0.26284,-0.23497,-0.2014,-0.22399,-0.48949,0.098078,0.50127,0.23918,0.58261,0.64314,0.079378,0.14405,0.50172,-0.34824,0.49668,0.20783,0.046523,-0.2137,0.34389,-0.086161,0.10662,0.67767,0.65919,-0.60805,0.54285,-0.48852,0.56918,0.828,-0.72492,0.89935,-0.48697,-0.58307,0.62476,-0.10184,-0.525624302892629,-0.724401112528835,0.358205999631399,0.955664955713874,-1.15854403395387
907482,0.6462,0.60102,-0.22091,-0.10805,0.36928,-0.722,0.60612,0.13662,-0.092706,-0.2459,0.28203,-0.33919,0.56928,0.049244,0.27456,-0.082003,0.030346,-0.17023,-0.029641,0.019386,0.17712,0.28784,-0.072826,-0.041147,0.1176,-0.3837,-0.26518,-0.63524,0.77819,0.18924,0.55449,0.10722,-0.65762,-0.026466,0.11513,-0.0067665,-0.16779,-0.029274,0.07197,-0.3188,-0.29377,-0.44158,0.037144,-0.36906,0.28935,-0.30324,0.57325,-0.21006,-0.17489,0.38286,0.21274,0.097606,-0.23721,0.4102,-0.056428,-0.28673,-0.091226,-0.4132,0.28591,0.52098,0.25654,0.036741,-0.15628,-0.0062905,-0.2672,0.18377,0.1227,-0.34846,-0.019828,-0.082876,0.38757,-0.17363,0.37148,-0.67489,0.048926,0.30192,-0.0106,0.097437,-0.3177,0.37213,0.14342,-0.36889,-0.56786,0.41768,0.044334,-0.085857,0.19445,-0.22432,0.099389,-0.13807,-0.52168,0.34179,0.33693,-0.26284,-0.052727,-0.23552,0.29745,-0.089943,0.71088,0.45702,0.7711,-0.73116,0.36252,-0.23823,-0.22857,0.14719,0.27704,0.47124678427438,-0.498467873599462,0.706744727710798,-0.777209727391922,-0.243653578259078
909442,0.30201,-0.19727,0.20596,0.44483,0.26653,-0.4513,0.32014,0.27702,0.48604,0.43677,-0.27112,0.10274,0.16012,0.43286,0.55245,-0.17742,-0.33901,-0.19672,-0.15533,-0.37081,-0.20698,-0.35538,0.18709,0.30112,0.2624,0.10609,0.17545,0.14319,0.25133,0.14357,-0.23759,-0.24834,0.13098,-0.064313,0.072033,0.31871,-0.029459,-0.40791,-0.1884,0.13972,-0.24416,-0.28321,-0.46075,-0.46664,-0.11947,0.070435,0.72846,0.28345,-0.10959,0.49224,0.61932,-0.21168,0.001784,0.54094,0.55226,0.51781,0.78667,0.54412,0.55206,0.67166,0.72676,0.83715,0.70361,0.30573,-0.21096,-0.43012,0.51537,-0.087806,0.19873,0.22421,-0.13951,0.16396,0.23838,0.12452,0.34691,0.096512,0.0073126,-0.30717,0.20916,0.73968,0.53229,0.61684,-0.47716,0.009499,0.46639,0.02802,-0.39704,0.017447,0.322,0.12989,-0.11801,0.32896,-0.16855,-0.25615,0.59047,-0.49668,-0.22736,-0.55876,0.49064,0.42604,0.17354,-0.60119,-0.35224,0.60377,0.33159,-0.047863,0.058303,-0.459482551342455,-1.05752668982798,0.532181684435989,1.09026727589668,-0.95155015642725
932646,0.56376,0.11001,0.34567,0.080938,-0.01855,0.27882,0.10778,0.16763,0.10362,-0.12747,-0.039123,0.059377,-0.12701,0.6249,0.75201,0.35568,-0.60906,0.39251,-0.60648,0.46753,-0.51815,-0.38059,-0.33621,-0.5196,0.43925,0.73614,0.28566,0.53691,0.52814,0.3321,-0.75634,-0.75738,-0.66095,-0.86183,0.28884,0.10307,0.33003,-0.74728,-0.87845,0.11987,0.10193,-0.83819,-0.73591,-0.014583,0.23865,-0.93323,0.53035,0.32363,-0.57149,-0.50239,-0.27407,-0.078666,-0.61472,0.71982,0.36397,0.22098,0.54281,0.10339,0.5313,-0.16975,0.91449,-0.36336,-0.19998,0.80432,0.88288,-0.39133,0.61348,-0.23242,-0.093381,0.28347,-0.0010329,-0.015865,-0.29271,-0.059384,-0.032672,0.56608,-0.1554,0.69472,-0.8828,0.35583,-0.47584,-0.3549,0.083879,-0.36078,-0.089895,-0.44062,-0.40451,-0.11697,-0.47088,-0.098936,-0.22301,0.75607,-0.46943,-0.70856,-0.20279,0.54466,0.79421,-0.50957,0.4699,0.22779,0.069609,0.089452,0.36871,0.017794,0.86202,-0.30656,-0.44615,0.82540896632082,1.51797013110919,-0.459064410434012,-0.923039201883315,-1.44039508178058
933065,0.026362,-0.24528,-0.0086473,0.38461,0.0020491,0.48697,-0.058976,0.84633,0.79996,0.3056,0.1122,0.34648,0.032082,0.58841,0.56232,0.50829,-0.050031,0.54021,0.157,-0.037548,-0.10389,0.15272,0.35393,0.42407,-0.37982,0.65317,0.42881,-0.1368,0.72848,0.14753,0.30867,0.23252,-0.042139,0.17436,0.70341,0.65066,0.2763,0.24069,0.40145,0.56412,0.34703,0.207,0.48429,0.27531,0.39861,-0.062751,0.80265,0.015409,-0.0097995,0.33423,0.34322,0.24191,0.11142,0.55479,0.38672,0.39195,0.70299,0.51227,0.41209,0.59412,0.70349,0.33608,0.78229,0.36902,-0.40236,0.58733,0.64931,0.2917,0.34631,0.27292,0.14381,0.35128,0.21459,-0.04207,0.37262,0.013795,0.35875,0.72782,0.18962,0.39992,0.35813,0.19726,-0.19766,0.67123,0.33061,0.14895,-0.14898,0.088071,0.31962,0.71624,-0.43366,0.46223,0.40815,0.1912,0.44036,0.39576,-0.043203,0.16141,0.39679,0.48697,0.59734,-0.43106,0.55546,0.078601,-0.42335,0.17399,0.17597,0.849486170031862,-0.472268496478446,-0.25682939488849,0.528733905647697,-0.421480442392207
934330,-0.14847,-0.47463,-0.54472,0.24032,0.19441,0.11232,-0.34801,0.31987,0.53835,0.31752,0.19181,-0.1382,0.13279,0.75424,0.0033642,0.74802,-0.19114,0.4356,0.3214,0.32014,0.30432,0.018597,-0.0066119,0.38733,-0.13101,0.48606,0.31151,0.26543,0.59573,0.1479,0.16716,-0.10068,-0.19121,-0.30808,0.29932,0.3471,0.084922,0.17304,0.065989,0.046784,-0.25855,-0.25598,0.17287,0.02743,0.55689,0.00062647,0.42623,-0.070431,0.097937,-0.29725,-0.55899,-0.59348,0.54065,-0.030617,0.37757,0.46718,0.85441,0.089605,0.31233,0.27339,-0.12081,-0.01547,0.45555,-0.61796,-0.096832,0.28243,0.5074,0.32159,-0.19256,0.023969,0.11097,0.40082,-0.064043,-0.021186,-0.25167,0.47438,0.36284,0.46223,0.34805,0.25404,0.17529,0.14584,0.080601,0.28634,0.18369,-0.25917,0.03489,0.29637,-0.036341,0.59949,-0.33703,0.4616,0.17644,0.027464,0.35361,0.39184,-0.36816,0.52915,0.31258,-0.37182,0.35385,-0.067382,0.61751,-0.46915,-0.18492,0.10867,-0.026044,0.413072366088806,0.290259662770004,-0.225792279638413,-0.565693362739006,-0.34590626702751
950671,0.074459,-0.36712,-0.38216,0.14401,0.17419,-0.41717,0.43389,0.55592,0.4121,-0.067289,-0.039187,0.31683,-0.29871,0.61052,0.23815,0.61774,0.20061,-0.037987,-0.38217,-0.2513,-0.32725,-0.044203,-0.46855,-0.07864,0.15113,0.15846,-0.26654,0.67679,-0.054939,0.00057543,-0.57925,-0.10782,-0.61289,0.20207,-0.22547,-0.33812,-0.18396,-0.45319,-0.25269,-0.36654,0.017753,-0.47702,0.23435,-0.45012,0.50119,-0.42136,0.092323,0.073208,-0.0554,0.29973,-0.2821,0.17388,-0.060177,-0.05731,-0.049032,-0.34646,0.53806,0.0090522,0.20569,0.22531,0.17179,0.52781,0.21737,0.24327,-0.038338,-0.033548,0.6301,0.49646,-0.035703,-0.24296,0.5007,0.19072,0.43468,-0.21622,-0.46473,0.39367,-0.087053,-0.87489,-0.38816,0.3321,-0.097597,0.29733,-0.27173,0.00069998,0.27978,0.54902,0.23712,0.29776,0.21945,0.15784,-0.097604,0.27315,-0.3521,-0.18029,0.559,0.090159,0.15322,0.1371,-0.18004,-0.29691,0.75935,-0.49457,0.41556,-0.42424,0.31149,0.30469,0.41586,1.03427212985689,-0.477733634300677,0.0733268138113815,-0.681228498933787,0.0924948899523059
963924,0.43516,0.057172,0.12242,0.024561,0.0066816,0.52634,0.27682,0.3547,0.35735,-0.08181,0.20578,0.12757,0.30683,0.63454,0.56239,0.53471,0.18473,0.19397,0.17672,-0.0041935,-0.0072256,0.26282,0.13389,0.02683,-0.24395,0.65595,0.14299,0.43286,0.5869,0.44915,0.15123,0.34438,0.58781,0.61737,-0.01019,0.51381,0.25791,-0.14593,0.072466,-0.037993,0.02576,0.1635,0.53261,0.26044,0.33587,0.15095,0.67084,-0.0026421,-0.08656,0.10043,0.30418,-0.30757,0.39186,0.29106,0.41373,0.48202,0.29256,0.27404,0.4819,0.19118,0.7404,0.50337,0.40741,0.56159,0.099649,0.34243,0.1095,0.27905,0.019519,0.27109,-0.0035742,0.078275,-0.066548,-0.05653,0.34481,0.69073,-0.38144,-0.010891,0.27047,0.60337,0.19337,0.69159,0.054686,0.62683,0.59285,0.50137,0.28477,0.4851,0.061093,0.073892,0.28143,0.70295,-0.027644,0.58779,0.23758,-0.2549,0.37742,0.065537,0.25432,0.084536,0.45952,0.056486,0.050855,0.42983,0.16387,0.35723,-0.43772,0.285129413303544,-1.19620578575921,-0.476523647581627,0.505737792935287,0.211689875948319
993348,0.071453,-0.32848,-0.63769,-0.37723,-0.16449,-0.44036,0.32245,0.56363,0.29361,0.35539,-0.29748,0.43302,-0.34229,0.57338,0.29773,0.19566,0.14273,0.12825,0.39429,-0.1025,-0.11538,0.01029,0.2937,-0.12416,0.15271,0.47733,0.054077,0.19426,0.034231,0.16367,-0.27345,0.40662,0.37547,0.10449,0.02694,0.12373,0.12915,-0.3668,-0.42788,-0.23317,-0.42689,-0.64128,0.18783,-0.25677,0.059759,-0.22182,0.83025,0.075693,-0.52145,0.49065,0.46076,0.74013,-0.64957,0.14168,0.13898,-0.32582,0.55888,0.66642,0.39193,0.892,0.45654,0.47094,0.15772,0.16192,-0.409,0.29815,0.79387,0.20504,-0.079944,-0.19706,0.25378,0.090259,-0.49642,-0.094642,0.2359,-0.14265,0.085361,-0.090409,-0.43436,-0.1848,-0.078692,0.18412,-0.17834,0.27312,0.21433,0.51808,-0.04615,0.51897,0.24013,0.38705,-0.03813,0.09427,-0.31376,0.038388,0.67489,0.62238,-0.37117,0.58306,-0.35301,-0.26852,0.6462,-0.40525,0.53778,0.1589,-0.03498,0.46266,0.44476,-1.56812127523912,0.978802108283822,0.953385288232818,0.0252288948515268,-2.0145011571209
993946,0.25702,0.23865,-0.48189,-0.3087,0.030668,0.067355,-0.094665,-0.070388,0.15613,-0.13363,-0.082001,0.27446,0.06647,0.514,0.41868,-0.28629,-0.58023,-0.28152,-0.25032,-0.10203,0.31005,0.18104,-0.30868,0.059605,0.33081,-0.24282,0.048384,0.38374,-0.28352,-0.20755,0.11032,-0.21443,-0.3369,0.0036494,0.01834,0.13244,-0.07246,0.30518,-0.44289,-0.00079087,0.46105,-0.14801,-0.30411,-0.16535,-0.062177,0.1903,0.65236,0.31597,0.00060823,0.63629,0.19371,-0.1586,-0.28757,0.23241,0.14389,-0.0073302,0.21477,-0.068312,0.0038901,0.19612,0.52515,0.078717,0.32686,-0.14658,0.12013,-0.32364,0.33133,-0.25563,-0.1917,-0.35081,-0.14423,-0.17013,-0.40447,0.050013,-0.31833,0.10003,-0.62978,-0.057349,-0.20788,-0.056931,-0.18502,0.29757,-0.48208,0.040208,0.26451,-0.36492,0.054832,-0.40831,-0.34402,0.12002,-0.27492,0.36667,0.049994,0.47991,0.55265,0.063361,-0.034126,-0.011632,0.33028,0.47632,-0.13939,-0.13713,0.19214,-0.17677,0.22941,0.30726,0.32932,0.153221541304754,-0.21848402487436,0.229091896783273,0.39605420624948,-1.72633838296882
